 ahte	ahte+CC ahte	ahte+CS € ahte	ahte+CS ahte	ahte+CS 
 ahte	ahte+CC ahte	ahte+CS € ja	ja+CC ja	ja+CC 
 aitto	aitto+Pcle € jur	jur+Adv jur	jur+Adv 
 ala	ala+Adv ala	ala+Po € vaj	vaj+CC vaj	vaj+CS vaj	vaj+CC vaj	vaj+CS 
 almma	almma+Pcle € almma	almma+Adv almma	almma+A+Attr almma	almma+A+Sg+Nom almma	almma+Adv almma	almma+A+Attr almma	almma+A+Sg+Nom 
 almmolašrievttálaš	almmolašrievttálaš+A+Attr almmolašrievttálaš	almmolašrievttálaš+A+Sg+Nom € almulasjriektá	almulasjriektá+N+Pl+Nom almulasjriektá	almulasjriektá+N+Sg+Gen almulasjriektá	almulasjriektá+N+Sg+Nom almulasjriektá	almulasjriektá+N+Pl+Nom almulasjriektá	almulasjriektá+N+Sg+Gen almulasjriektá	almulasjriektá+N+Sg+Nom 
 amas	amasmit+V+IV+Imprt+ConNeg amas	amasmit+V+IV+Imprt+Sg2 amas	amasmit+V+IV+Ind+Prs+ConNeg amas	amastit+V+TV+Imprt+ConNeg amas	amastit+V+TV+Imprt+Sg2 amas	amastit+V+TV+Ind+Prs+ConNeg amas	amas+A+Attr amas	amas+A+Sg+Nom amas	amas+A+Attr amas	amas+A+Sg+Nom amas	amas+A+Attr amas	amas+A+Sg+Nom amas	amas+CS amas	ii+V+IV+Neg+Sup+Sg3 € vaj	vaj+CC vaj	vaj+CS vaj	vaj+CC vaj	vaj+CS 
 amma	amma+Pcle € almma	almma+Adv almma	almma+A+Attr almma	almma+A+Sg+Nom almma	almma+Adv almma	almma+A+Attr almma	almma+A+Sg+Nom 
 avsnihta	avsnihta+?	inf € tækstaoasse	tæksta+N+Cmp/SgNom+Cmp#oasse+N+Sg+Nom tækstaoasse	tækstaoasse+N+Sg+Nom 
 bakte	bakte+Po € baktu	baktu+Po baktu	baktu+Po 
 bat	bat+Pcle € val	val+Adv val	val+CC val	val+CS val	val+Adv val	val+CC val	val+CS 
 bb	bb+?	inf € bb	bb+?	inf 
 bealde	bealde+Adv bealde	bealde+Po bealde	bealde+Pr € bielen	bieles+N+Ess bielen	bieles+N+Ess bielen	bielle+N+Sg+Ine bielen	bielle+N+Sg+Ine bielen	bielle+N+Sg+Ine bielen	bielle+N+Sg+Ine bielen	bielle+N+Sg+Ine bielen	bielle+N+Sg+Ine bielen	bielen+Po bielen	bielen+Po 
 bealis	bealli+N+Sg+Loc bealis	bealli+N+Sg+Acc+PxSg3 bealis	bealli+N+Sg+Gen+PxSg3 bealis	bealli+N+Sg+Loc bealis	bealli+N+Sg+Acc+PxSg3 bealis	bealli+N+Sg+Gen+PxSg3 bealis	bealli+N+Sg+Loc bealis	bealli+N+Sg+Acc+PxSg3 bealis	bealli+N+Sg+Gen+PxSg3 bealis	bealis+Po bealis	bealistit+V+TV+Ind+Prs+ConNeg € bieles	bieles+N+Sg+Nom bieles	bieles+N+Sg+Nom bieles	bielle+N+Sg+Ela bieles	bielle+N+Sg+Acc+PxSg3 bieles	bielle+N+Sg+Gen+PxSg3 bieles	bielle+N+Sg+Ela bieles	bielle+N+Sg+Acc+PxSg3 bieles	bielle+N+Sg+Gen+PxSg3 bieles	bielle+N+Sg+Ela bieles	bielle+N+Sg+Acc+PxSg3 bieles	bielle+N+Sg+Gen+PxSg3 bieles	bielle+N+Sg+Ela bieles	bielle+N+Sg+Acc+PxSg3 bieles	bielle+N+Sg+Gen+PxSg3 bieles	bielle+N+Sg+Ela bieles	bielle+N+Sg+Acc+PxSg3 bieles	bielle+N+Sg+Gen+PxSg3 bieles	bielle+N+Sg+Ela bieles	bielle+N+Sg+Acc+PxSg3 bieles	bielle+N+Sg+Gen+PxSg3 bieles	bieles+Po bieles	bieles+Po 
 bealoccát	bealoccát+?	inf € bielavtsát	bielavtsát+Num+Attr bielavtsát	bielavtsát+Num+Sg+Nom bielavtsát	bielavtsát+Num+Attr bielavtsát	bielavtsát+Num+Sg+Nom 
 biilagoavdi	biilagoavdi+N+Sg+Nom € pánserlåhkke	pánserlåhkke+?	inf 
 boasttu	boasttu+?	inf € boasto	boasto+A+Attr boasto	boasto+A+Attr 
 buldogas	buldogas+?	inf € garjjá	garjjá+N+Sg+Nom garjjá	garjjá+N+Sg+Nom garjjá	garjjá+N+Sg+Nom garjjá	garjjá+N+Sg+Nom garjjá	garjjá+N+Sg+Nom garjjá	garjjá+N+Sg+Nom 
 buohkat	buohkat+Pron+Indef+Pl+Nom € gájkka	gájkka+Pron+Indef+Attr gájkka	gájkka+Pron+Indef+Sg+Acc gájkka	gájkka+Pron+Indef+Sg+Nom gájkka	gájkka+Pron+Indef+Attr gájkka	gájkka+Pron+Indef+Sg+Acc gájkka	gájkka+Pron+Indef+Sg+Nom 
 bušeahttajahki	bušeahttajahki+N+Sg+Nom bušeahttajahki	bušeahttajahki+N+Sg+Nom bušeahttajahki	bušeahttajahki+N+Sg+Nom € budjæhttajahke	budjæhttajahke+?	inf 
 b	b+Adv+ABBR b	b+Adv+ABBR+Attr € b	b+?	inf 
 € bálkkábiejvve	bálkká+N+Cmp/SgNom+Cmp#biejvve+N+Sg+Nom bálkkábiejvve	bálkká+N+Cmp/SgNom+Cmp#biejvve+N+Sg+Nom bálkkábiejvve	bálkká+N+Cmp/SgNom+Cmp#biejvve+N+Sg+Nom bálkkábiejvve	bálkká+N+Cmp/SgNom+Cmp#biejvve+N+Sg+Nom bálkkábiejvve	bálkká+N+Cmp/SgNom+Cmp#biejvve+N+Sg+Nom bálkkábiejvve	bálkká+N+Cmp/SgNom+Cmp#biejvve+N+Sg+Nom bálkkábiejvve	bálkkábiejvve+N+Sg+Nom bálkkábiejvve	bálkkábiejvve+N+Sg+Nom bálkkábiejvve	bálkkábiejvve+N+Sg+Nom bálkkábiejvve	bálkkábiejvve+N+Sg+Nom bálkkábiejvve	bálkkábiejvve+N+Sg+Nom bálkkábiejvve	bálkkábiejvve+N+Sg+Nom 
 bárralaga	bárralaga+Adv € párra	párra+N+Sg+Nom párra	párra+N+Sg+Nom 
 charmantiseret	charmantiseret+?	inf € sjarmantisierit	sjarmantisierit+V+TV+Inf sjarmantisierit	sjarmantisierit+V+TV+Der/d+V+Ind+Prs+Sg3 
 dahje	dahje+CC € jalik	jalik+Adv jalik	jalik+CC jalik	jalik+Adv jalik	jalik+CC 
 dal	dal+Adv € dal	dal+Pcle dal	dal+Pcle 
 dat	dat+Pcle dat	dat+Pron+Dem+Pl+Nom dat	dat+Pron+Dem+Sg+Nom € 	+?	inf 
 davvisámegiel	davvisámegiel+A+Attr € nuorttasámegiella	nuortta+N+Cmp/SgNom+Cmp#sábme+N+Cmp/SgGen+Cmp#giella+N+Sg+Nom nuorttasámegiella	nuortta+N+Cmp/SgNom+Cmp#sámegiella+N+Sg+Nom nuorttasámegiella	nuortta+N+Cmp/SgNom+Cmp#sábme+N+Cmp/SgGen+Cmp#giella+N+Sg+Nom nuorttasámegiella	nuortta+N+Cmp/SgNom+Cmp#sámegiella+N+Sg+Nom nuorttasámegiella	nuorttasábme+N+Cmp/SgGen+Cmp#giella+N+Sg+Nom nuorttasámegiella	nuorttasábme+N+Cmp/SgGen+Cmp#giella+N+Sg+Nom nuorttasámegiella	nuorttasámegiella+N+Sg+Nom nuorttasámegiella	nuorttasámegiella+N+Sg+Nom 
 dađe	dađe+Adv dađe	dađe+CS € dade	dade+CS dade	dade+CS 
 dađi	dađi+Adv dađi	dađi+CS € dadi	dadi+CS dadi	dadi+CS 
 db	db+?	inf € bastisj	bassti+N+Der/Dimin+N+Sg+Nom bastisj	bassti+N+Der/Dimin+N+Sg+Nom bastisj	bastisj+N+Gram/Dimin+Sg+Nom bastisj	bastisj+N+Gram/Dimin+Sg+Nom bastisj	basstet+V+IV+Pot+Sg3 bastisj	basstet+V+IV+Pot+Sg3 
 dearvva	dearvva+Interj € buoris	buoris+Interj buoris	buoris+Interj 
 deduceret	deduceret+V+IV+Inf deduceret	deduceret+V+IV+Der/d+V+Ind+Prs+ConNeg deduceret	deduceret+V+IV+Der/h+V+Ind+Prs+ConNeg € deducerit	deducerit+?	inf 
 detacheret	detacheret+V+TV+Inf detacheret	detacheret+V+TV+Der/d+V+Ind+Prs+ConNeg detacheret	detacheret+V+TV+Der/h+V+Ind+Prs+ConNeg € detacherit	detacherit+?	inf 
 diekkár	diekkár+Pron+Dem+Attr diekkár	diekkár+Pron+Dem+Sg+Nom € dákkir	dákkir+Pron+Dem+Attr dákkir	dákkir+Pron+Dem+Sg+Nom dákkir	dákkir+Pron+Dem+Attr dákkir	dákkir+Pron+Dem+Sg+Nom 
 diet	diet+Pron+Dem+Pl+Nom diet	diet+Pron+Dem+Sg+Nom € dat	dat+Pron+Dem+Sg+Ela+Attr dat	dat+Pron+Dem+Sg+Nom dat	dat+Pron+Dem+Sg+Par dat	dat+Pron+Dem+Sg+Ela+Attr dat	dat+Pron+Dem+Sg+Nom dat	dat+Pron+Dem+Sg+Par 
 dievva	dievva+Adv € dievva	dievva+N+Sg+Nom dievva	dievva+N+Sg+Nom dievva	dievva+N+Sg+Nom dievva	dievva+N+Sg+Nom dievva	dievas+A+Attr dievva	dievas+A+Attr dievva	dievas+A+Attr dievva	dievas+A+Attr 
 dihte	diehtit+V+TV+Ind+Prs+Du1 dihte	diehtit+V+TV+Ind+Prt+Pl3 dihte	dihtti+N+Sg+Gen dihte	dihte+Po € diehti	diehtet+V+TV+Ind+Prs+Pl3 diehti	diehtet+V+TV+Ind+Prt+Sg2 diehti	diehtet+V+TV+Ind+Prs+Pl3 diehti	diehtet+V+TV+Ind+Prt+Sg2 diehti	diehti+Po diehti	diehti+Po 
 dihtii	dihte+Po € diehti	diehtet+V+TV+Ind+Prs+Pl3 diehti	diehtet+V+TV+Ind+Prt+Sg2 diehti	diehtet+V+TV+Ind+Prs+Pl3 diehti	diehtet+V+TV+Ind+Prt+Sg2 diehti	diehti+Po diehti	diehti+Po 
 dii	dii+Adv+ABBR dii	dii+Adv+ABBR+Attr dii	don+Pron+Pers+Pl2+Nom € kl	kl+?	inf 
 disenteret	disenteret+V+TV+Inf disenteret	disenteret+V+TV+Der/d+V+Ind+Prs+ConNeg disenteret	disenteret+V+TV+Der/h+V+Ind+Prs+ConNeg € disenterit	disenterit+?	inf 
 dispascheret	dispascheret+V+TV+Inf dispascheret	dispascheret+V+TV+Der/d+V+Ind+Prs+ConNeg dispascheret	dispascheret+V+TV+Der/h+V+Ind+Prs+ConNeg € dispascherit	dispascherit+?	inf 
 dovdat	dovdat+V+TV+Inf dovdat	dovdat+V+TV+Ind+Prs+Pl1 € dåbddåt¹	dåbddåt¹+?	inf 
 dovdát	dovdáhit+V+TV+Imprt+ConNeg dovdát	dovdáhit+V+TV+Imprt+Sg2 dovdát	dovdáhit+V+TV+Ind+Prs+ConNeg dovdát	dovdát+V+TV+Inf dovdát	dovdát+V+TV+Der/d+V+Imprt+ConNeg dovdát	dovdát+V+TV+Der/d+V+Imprt+Sg2 dovdát	dovdát+V+TV+Der/d+V+Ind+Prs+ConNeg dovdát	dovdát+V+TV+Der/h+V+Imprt+ConNeg dovdát	dovdát+V+TV+Der/h+V+Imprt+Sg2 dovdát	dovdát+V+TV+Der/h+V+Ind+Prs+ConNeg dovdát	dovdát+V+TV+Ind+Prs+Pl1 dovdát	dovdát+V+TV+Ind+Prs+Sg2 dovdát	dovdi+N+NomAg+Sg+Acc+PxSg2 dovdát	dovdi+N+NomAg+Sg+Gen+PxSg2 dovdát	dovdi+N+NomAg+Sg+Nom+PxSg2 dovdát	dovdi+N+NomAg+Sg+Acc+PxSg2 dovdát	dovdi+N+NomAg+Sg+Gen+PxSg2 dovdát	dovdi+N+NomAg+Sg+Nom+PxSg2 dovdát	dovdi+N+NomAg+Sg+Acc+PxSg2 dovdát	dovdi+N+NomAg+Sg+Gen+PxSg2 dovdát	dovdi+N+NomAg+Sg+Nom+PxSg2 dovdát	dovdi+N+NomAg+Sg+Acc+PxSg2 dovdát	dovdi+N+NomAg+Sg+Gen+PxSg2 dovdát	dovdi+N+NomAg+Sg+Nom+PxSg2 dovdát	dovdi+N+NomAg+Sg+Acc+PxSg2 dovdát	dovdi+N+NomAg+Sg+Gen+PxSg2 dovdát	dovdi+N+NomAg+Sg+Nom+PxSg2 dovdát	dovdi+N+NomAg+Sg+Acc+PxSg2 dovdát	dovdi+N+NomAg+Sg+Gen+PxSg2 dovdát	dovdi+N+NomAg+Sg+Nom+PxSg2 dovdát	dovdi+N+NomAg+Sg+Acc+PxSg2 dovdát	dovdi+N+NomAg+Sg+Gen+PxSg2 dovdát	dovdi+N+NomAg+Sg+Nom+PxSg2 dovdát	dovdi+N+NomAg+Sg+Acc+PxSg2 dovdát	dovdi+N+NomAg+Sg+Gen+PxSg2 dovdát	dovdi+N+NomAg+Sg+Nom+PxSg2 dovdát	dovdi+N+NomAg+Sg+Acc+PxSg2 dovdát	dovdi+N+NomAg+Sg+Gen+PxSg2 dovdát	dovdi+N+NomAg+Sg+Nom+PxSg2 dovdát	dovdi+N+NomAg+Sg+Acc+PxSg2 dovdát	dovdi+N+NomAg+Sg+Gen+PxSg2 dovdát	dovdi+N+NomAg+Sg+Nom+PxSg2 dovdát	dovdi+N+NomAg+Sg+Acc+PxSg2 dovdát	dovdi+N+NomAg+Sg+Gen+PxSg2 dovdát	dovdi+N+NomAg+Sg+Nom+PxSg2 dovdát	dovdi+N+NomAg+Sg+Acc+PxSg2 dovdát	dovdi+N+NomAg+Sg+Gen+PxSg2 dovdát	dovdi+N+NomAg+Sg+Nom+PxSg2 dovdát	dovdi+N+NomAg+Sg+Acc+PxSg2 dovdát	dovdi+N+NomAg+Sg+Gen+PxSg2 dovdát	dovdi+N+NomAg+Sg+Nom+PxSg2 dovdát	dovdi+N+NomAg+Sg+Acc+PxSg2 dovdát	dovdi+N+NomAg+Sg+Gen+PxSg2 dovdát	dovdi+N+NomAg+Sg+Nom+PxSg2 dovdát	dovdi+N+NomAg+Sg+Acc+PxSg2 dovdát	dovdi+N+NomAg+Sg+Gen+PxSg2 dovdát	dovdi+N+NomAg+Sg+Nom+PxSg2 dovdát	dovdi+N+NomAg+Sg+Acc+PxSg2 dovdát	dovdi+N+NomAg+Sg+Gen+PxSg2 dovdát	dovdi+N+NomAg+Sg+Nom+PxSg2 dovdát	dovdi+N+NomAg+Sg+Acc+PxSg2 dovdát	dovdi+N+NomAg+Sg+Gen+PxSg2 dovdát	dovdi+N+NomAg+Sg+Nom+PxSg2 dovdát	dovdi+N+NomAg+Sg+Acc+PxSg2 dovdát	dovdi+N+NomAg+Sg+Gen+PxSg2 dovdát	dovdi+N+NomAg+Sg+Nom+PxSg2 dovdát	dovdi+N+NomAg+Sg+Acc+PxSg2 dovdát	dovdi+N+NomAg+Sg+Gen+PxSg2 dovdát	dovdi+N+NomAg+Sg+Nom+PxSg2 dovdát	dovdi+N+NomAg+Sg+Acc+PxSg2 dovdát	dovdi+N+NomAg+Sg+Gen+PxSg2 dovdát	dovdi+N+NomAg+Sg+Nom+PxSg2 dovdát	dovdi+N+NomAg+Sg+Acc+PxSg2 dovdát	dovdi+N+NomAg+Sg+Gen+PxSg2 dovdát	dovdi+N+NomAg+Sg+Nom+PxSg2 dovdát	dovdi+N+NomAg+Sg+Acc+PxSg2 dovdát	dovdi+N+NomAg+Sg+Gen+PxSg2 dovdát	dovdi+N+NomAg+Sg+Nom+PxSg2 dovdát	dovdi+N+NomAg+Sg+Acc+PxSg2 dovdát	dovdi+N+NomAg+Sg+Gen+PxSg2 dovdát	dovdi+N+NomAg+Sg+Nom+PxSg2 dovdát	dovdi+N+NomAg+Sg+Acc+PxSg2 dovdát	dovdi+N+NomAg+Sg+Gen+PxSg2 dovdát	dovdi+N+NomAg+Sg+Nom+PxSg2 dovdát	dovdi+N+NomAg+Sg+Acc+PxSg2 dovdát	dovdi+N+NomAg+Sg+Gen+PxSg2 dovdát	dovdi+N+NomAg+Sg+Nom+PxSg2 dovdát	dovdi+N+NomAg+Sg+Acc+PxSg2 dovdát	dovdi+N+NomAg+Sg+Gen+PxSg2 dovdát	dovdi+N+NomAg+Sg+Nom+PxSg2 dovdát	dovdi+N+NomAg+Sg+Acc+PxSg2 dovdát	dovdi+N+NomAg+Sg+Gen+PxSg2 dovdát	dovdi+N+NomAg+Sg+Nom+PxSg2 € dåbddåt²	dåbddåt²+?	inf 
 duogábealde	duogábealde+Adv duogábealde	duogábealde+Po duogábealde	duogábealde+Pr € duogen	duohke+N+Sg+Ine duogen	duohke+N+Sg+Ine duogen	duohke+N+Sg+Ine duogen	duohke+N+Sg+Ine duogen	duogen+Po duogen	duogen+Po 
 duogábeallai	duogábeallai+Po duogábeallai	duogábeallai+Pr € duogásjbælláj	duogásj+N+Gram/Dimin+Cmp/SgNom+Cmp#bielle+N+Sg+Ill duogásjbælláj	duogásj+N+Gram/Dimin+Cmp/SgNom+Cmp#bielle+N+Sg+Ill duogásjbælláj	duogásj+N+Gram/Dimin+Cmp/SgNom+Cmp#bielle+N+Sg+Ill duogásjbælláj	duogásj+N+Gram/Dimin+Cmp/SgNom+Cmp#bielle+N+Sg+Ill duogásjbælláj	duogásj+N+Gram/Dimin+Cmp/SgNom+Cmp#bieles+N+Pl+Com duogásjbælláj	duogásj+N+Gram/Dimin+Cmp/SgNom+Cmp#bieles+N+Pl+Gen duogásjbælláj	duogásj+N+Gram/Dimin+Cmp/SgNom+Cmp#bieles+N+Sg+Ill duogásjbælláj	duohke+N+Der/Dimin+N+Cmp/SgNom+Cmp#bielle+N+Sg+Ill duogásjbælláj	duohke+N+Der/Dimin+N+Cmp/SgNom+Cmp#bielle+N+Sg+Ill duogásjbælláj	duohke+N+Der/Dimin+N+Cmp/SgNom+Cmp#bielle+N+Sg+Ill duogásjbælláj	duohke+N+Der/Dimin+N+Cmp/SgNom+Cmp#bielle+N+Sg+Ill duogásjbælláj	duohke+N+Der/Dimin+N+Cmp/SgNom+Cmp#bieles+N+Pl+Com duogásjbælláj	duohke+N+Der/Dimin+N+Cmp/SgNom+Cmp#bieles+N+Pl+Gen duogásjbælláj	duohke+N+Der/Dimin+N+Cmp/SgNom+Cmp#bieles+N+Sg+Ill duogásjbælláj	duohke+N+Der/Dimin+N+Cmp/SgNom+Cmp#bielle+N+Sg+Ill duogásjbælláj	duohke+N+Der/Dimin+N+Cmp/SgNom+Cmp#bielle+N+Sg+Ill duogásjbælláj	duohke+N+Der/Dimin+N+Cmp/SgNom+Cmp#bielle+N+Sg+Ill duogásjbælláj	duohke+N+Der/Dimin+N+Cmp/SgNom+Cmp#bielle+N+Sg+Ill duogásjbælláj	duohke+N+Der/Dimin+N+Cmp/SgNom+Cmp#bieles+N+Pl+Com duogásjbælláj	duohke+N+Der/Dimin+N+Cmp/SgNom+Cmp#bieles+N+Pl+Gen duogásjbælláj	duohke+N+Der/Dimin+N+Cmp/SgNom+Cmp#bieles+N+Sg+Ill duogásjbælláj	duogásjbælláj+Po 
 duohken	duohken+Adv duohken	duohken+Po € duogen	duohke+N+Sg+Ine duogen	duohke+N+Sg+Ine duogen	duohke+N+Sg+Ine duogen	duohke+N+Sg+Ine duogen	duogen+Po duogen	duogen+Po 
 dupliceret	dupliceret+V+TV+Inf dupliceret	dupliceret+V+TV+Der/d+V+Ind+Prs+ConNeg dupliceret	dupliceret+V+TV+Der/h+V+Ind+Prs+ConNeg € duplicerit	duplicerit+?	inf 
 dáfus	dáfus+Po € gáktuj	gáktuj+Po gáktuj	gáktuj+Po 
 dákkáraš	dákkáraš+Pron+Dem+Sg+Nom dákkáraš	dákkáraš+A+Attr dákkáraš	dákkáraš+A+Sg+Nom € dakkárasj	dakkárasj+Pron+Dem+Sg+Nom dakkárasj	dakkárasj+Pron+Dem+Sg+Nom 
 dá	dá+Adv € dát	dát+Pron+Dem+Sg+Ela+Attr dát	dát+Pron+Dem+Sg+Nom dát	dát+Pron+Dem+Sg+Par dát	dát+Pron+Dem+Sg+Ela+Attr dát	dát+Pron+Dem+Sg+Nom dát	dát+Pron+Dem+Sg+Par 
 eahkedis	eahket+N+Sg+Loc eahkedis	eahket+N+Sg+Acc+PxSg3 eahkedis	eahket+N+Sg+Gen+PxSg3 eahkedis	eahket+N+Sg+Loc eahkedis	eahket+N+Sg+Acc+PxSg3 eahkedis	eahket+N+Sg+Gen+PxSg3 eahkedis	eahket+N+Sg+Loc eahkedis	eahket+N+Sg+Acc+PxSg3 eahkedis	eahket+N+Sg+Gen+PxSg3 eahkedis	eahkedis+A+Attr € iehkedis	iehket+N+Sg+Ela iehkedis	iehket+N+Sg+Acc+PxSg3 iehkedis	iehket+N+Sg+Gen+PxSg3 iehkedis	iehket+N+Sg+Nom+PxSg3 iehkedis	iehket+N+Sg+Ela iehkedis	iehket+N+Sg+Acc+PxSg3 iehkedis	iehket+N+Sg+Gen+PxSg3 iehkedis	iehket+N+Sg+Nom+PxSg3 iehkedis	iehket+N+Sg+Ela iehkedis	iehket+N+Sg+Acc+PxSg3 iehkedis	iehket+N+Sg+Gen+PxSg3 iehkedis	iehket+N+Sg+Nom+PxSg3 iehkedis	iehket+N+Sg+Ela iehkedis	iehket+N+Sg+Acc+PxSg3 iehkedis	iehket+N+Sg+Gen+PxSg3 iehkedis	iehket+N+Sg+Nom+PxSg3 iehkedis	iehkedis+Adv iehkedis	iehkedis+Adv 
 ealas	ealasmit+V+IV+Imprt+ConNeg ealas	ealasmit+V+IV+Imprt+Sg2 ealas	ealasmit+V+IV+Ind+Prs+ConNeg ealas	ealas+A+Sg+Nom ealas	ealas+A+Sg+Nom ealas	ealas+A+Sg+Nom € ielle	ielle+N+Gram/NomAg+Pl+Nom ielle	ielle+N+Gram/NomAg+Sg+Gen ielle	ielle+N+Gram/NomAg+Sg+Nom ielle	ielle+N+Gram/NomAg+Pl+Nom ielle	ielle+N+Gram/NomAg+Sg+Gen ielle	ielle+N+Gram/NomAg+Sg+Nom ielle	ielle+N+Gram/NomAg+Pl+Nom ielle	ielle+N+Gram/NomAg+Sg+Gen ielle	ielle+N+Gram/NomAg+Sg+Nom ielle	ielle+N+Gram/NomAg+Pl+Nom ielle	ielle+N+Gram/NomAg+Sg+Gen ielle	ielle+N+Gram/NomAg+Sg+Nom ielle	ielle+N+Gram/NomAg+Pl+Nom ielle	ielle+N+Gram/NomAg+Sg+Gen ielle	ielle+N+Gram/NomAg+Sg+Nom ielle	ielle+N+Gram/NomAg+Pl+Nom ielle	ielle+N+Gram/NomAg+Sg+Gen ielle	ielle+N+Gram/NomAg+Sg+Nom ielle	iellet+V+TV+Imprt+Du2 ielle	iellet+V+TV+PrsPrc ielle	iellet+V+TV+Der/NomAg+N+Pl+Nom ielle	iellet+V+TV+Der/NomAg+N+Sg+Gen ielle	iellet+V+TV+Der/NomAg+N+Sg+Nom ielle	iellet+V+TV+Der/NomAg+N+Pl+Nom ielle	iellet+V+TV+Der/NomAg+N+Sg+Gen ielle	iellet+V+TV+Der/NomAg+N+Sg+Nom ielle	iellet+V+TV+Der/NomAg+N+Pl+Nom ielle	iellet+V+TV+Der/NomAg+N+Sg+Gen ielle	iellet+V+TV+Der/NomAg+N+Sg+Nom ielle	iellet+V+TV+Der/NomAg+N+Pl+Nom ielle	iellet+V+TV+Der/NomAg+N+Sg+Gen ielle	iellet+V+TV+Der/NomAg+N+Sg+Nom ielle	iellet+V+TV+Der/NomAg+N+Pl+Nom ielle	iellet+V+TV+Der/NomAg+N+Sg+Gen ielle	iellet+V+TV+Der/NomAg+N+Sg+Nom ielle	iellet+V+TV+Der/NomAg+N+Pl+Nom ielle	iellet+V+TV+Der/NomAg+N+Sg+Gen ielle	iellet+V+TV+Der/NomAg+N+Sg+Nom ielle	iellet+V+TV+Der/NomAg+N+Pl+Nom ielle	iellet+V+TV+Der/NomAg+N+Sg+Gen ielle	iellet+V+TV+Der/NomAg+N+Sg+Nom ielle	iellet+V+TV+Der/NomAg+N+Pl+Nom ielle	iellet+V+TV+Der/NomAg+N+Sg+Gen ielle	iellet+V+TV+Der/NomAg+N+Sg+Nom ielle	iellet+V+TV+Der/NomAg+N+Pl+Nom ielle	iellet+V+TV+Der/NomAg+N+Sg+Gen ielle	iellet+V+TV+Der/NomAg+N+Sg+Nom ielle	iellet+V+TV+Imprt+Du2 ielle	iellet+V+TV+PrsPrc ielle	iellet+V+TV+Der/NomAg+N+Pl+Nom ielle	iellet+V+TV+Der/NomAg+N+Sg+Gen ielle	iellet+V+TV+Der/NomAg+N+Sg+Nom ielle	iellet+V+TV+Der/NomAg+N+Pl+Nom ielle	iellet+V+TV+Der/NomAg+N+Sg+Gen ielle	iellet+V+TV+Der/NomAg+N+Sg+Nom ielle	iellet+V+TV+Der/NomAg+N+Pl+Nom ielle	iellet+V+TV+Der/NomAg+N+Sg+Gen ielle	iellet+V+TV+Der/NomAg+N+Sg+Nom ielle	iellet+V+TV+Der/NomAg+N+Pl+Nom ielle	iellet+V+TV+Der/NomAg+N+Sg+Gen ielle	iellet+V+TV+Der/NomAg+N+Sg+Nom ielle	iellet+V+TV+Der/NomAg+N+Pl+Nom ielle	iellet+V+TV+Der/NomAg+N+Sg+Gen ielle	iellet+V+TV+Der/NomAg+N+Sg+Nom ielle	iellet+V+TV+Der/NomAg+N+Pl+Nom ielle	iellet+V+TV+Der/NomAg+N+Sg+Gen ielle	iellet+V+TV+Der/NomAg+N+Sg+Nom ielle	iellet+V+TV+Der/NomAg+N+Pl+Nom ielle	iellet+V+TV+Der/NomAg+N+Sg+Gen ielle	iellet+V+TV+Der/NomAg+N+Sg+Nom ielle	iellet+V+TV+Der/NomAg+N+Pl+Nom ielle	iellet+V+TV+Der/NomAg+N+Sg+Gen ielle	iellet+V+TV+Der/NomAg+N+Sg+Nom ielle	iellet+V+TV+Der/NomAg+N+Pl+Nom ielle	iellet+V+TV+Der/NomAg+N+Sg+Gen ielle	iellet+V+TV+Der/NomAg+N+Sg+Nom 
 eallái	eallit+V+IV+Der/NomAg+N+Sg+Ill eallái	eallit+V+IV+Der/NomAg+N+Sg+Ill eallái	eallit+V+IV+Der/NomAg+N+Sg+Ill eallái	eallát+V+IV+Ind+Prt+Sg3 eallái	ealli+N+NomAg+Sg+Ill eallái	ealli+N+NomAg+Sg+Ill eallái	ealli+N+NomAg+Sg+Ill eallái	ealli+N+NomAg+Sg+Ill eallái	ealli+N+NomAg+Sg+Ill eallái	ealli+N+NomAg+Sg+Ill eallái	ealli+N+NomAg+Sg+Ill eallái	ealli+N+NomAg+Sg+Ill eallái	ealli+N+NomAg+Sg+Ill eallái	eallái+A+Sg+Ill eallái	eallái+A+Sg+Nom eallái	eallái+A+Sg+Ill eallái	eallái+A+Sg+Nom eallái	eallái+A+Sg+Ill eallái	eallái+A+Sg+Nom € iellet	iellet+V+TV+Inf iellet	iellet+V+TV+Inf 
 eatnagat	eatnagat+Pron+Indef+Pl+Nom € ednak	ednak+Pron+Indef+Sg+Nom ednak	ednak+A+Sg+Nom ednak	ednak+A+Sg+Nom ednak	ednak+Pron+Indef+Sg+Nom ednak	ednak+A+Sg+Nom ednak	ednak+A+Sg+Nom 
 eatnagat	eatnagat+Pron+Indef+Pl+Nom € ålos	ållo+Pron+Indef+Sg+Ela ålos	ållo+Pron+Indef+Sg+Ela ålos	ålos+Pron+Indef+Sg+Nom ålos	ålos+Pron+Indef+Sg+Nom 
 eatnat	eatnat+Adv eatnat	eatnat+Pron+Indef+Acc eatnat	eatnat+Pron+Indef+Attr eatnat	eatnat+Pron+Indef+Nom € ednak	ednak+Pron+Indef+Sg+Nom ednak	ednak+A+Sg+Nom ednak	ednak+A+Sg+Nom ednak	ednak+Pron+Indef+Sg+Nom ednak	ednak+A+Sg+Nom ednak	ednak+A+Sg+Nom 
 eisege	eisege+Adv € eisege	eisege+?	inf 
 ektui	eaktu+N+Sg+Ill ektui	ektui+Po € gáktuj	gáktuj+Po gáktuj	gáktuj+Po 
 epikuralaš	epikuralaš+N+Sg+Nom epikuralaš	epikuralaš+N+Sg+Nom epikuralaš	epikuralaš+N+Sg+Nom € epikuriedja	epikuriedja+?	inf 
 € etnolåvggå	etnolåvggå+N+Sg+Nom etnolåvggå	etnolåvggå+N+Sg+Nom etnolåvggå	etnolåvggå+N+Sg+Nom etnolåvggå	etnolåvggå+N+Sg+Nom etnolåvggå	etnolåvggå+N+Sg+Nom etnolåvggå	etnolåvggå+N+Sg+Nom 
 etos	etos+N+Sg+Nom € etos	etos+?	inf 
 exeret	exeret+?	inf € exerit	eksierit+V+TV+Inf exerit	eksierit+V+TV+Der/d+V+Ind+Prs+Sg3 
 exkommuniceret	exkommuniceret+V+TV+Inf exkommuniceret	exkommuniceret+V+TV+Der/d+V+Ind+Prs+ConNeg exkommuniceret	exkommuniceret+V+TV+Der/h+V+Ind+Prs+ConNeg € exkommunicerit	exkommunicerit+?	inf 
 framhaldskuvla	framhaldskuvla+?	inf € framhaldsskåvllå	framhaldsskåvllå+N+Sg+Nom framhaldsskåvllå	framhaldsskåvllå+N+Sg+Nom 
 fuođar	fuođar+N+Sg+Nom fuođar	fuođardit+V+TV+Ind+Prs+ConNeg € fåvrrå	fåvrrå+?	inf 
 € fáhkadidaktihkka	fáhka+N+Cmp/SgNom+Cmp#didaktihkka+N+Sg+Nom fáhkadidaktihkka	fáhka+N+Cmp/SgNom+Cmp#didaktihkka+N+Sg+Nom fáhkadidaktihkka	fáhkadidaktihkka+N+Sg+Nom fáhkadidaktihkka	fáhkadidaktihkka+N+Sg+Nom 
 gageret	gageret+V+TV+Inf gageret	gageret+V+TV+Der/d+V+Ind+Prs+ConNeg gageret	gageret+V+TV+Der/h+V+Ind+Prs+ConNeg € gagerit	gagerit+?	inf 
 gaikkat	gaikkat+Pron+Indef+Pl+Nom € gájkka	gájkka+Pron+Indef+Attr gájkka	gájkka+Pron+Indef+Sg+Acc gájkka	gájkka+Pron+Indef+Sg+Nom gájkka	gájkka+Pron+Indef+Attr gájkka	gájkka+Pron+Indef+Sg+Acc gájkka	gájkka+Pron+Indef+Sg+Nom 
 gaitdiinnat	gaitdiinnat+Pron+Indef+Pl+Nom € gájkdivna	gájkdivna+Pron+Indef gájkdivna	gájkdivna+Pron+Indef 
 gaitdivnnat	gaitdivnnat+Pron+Indef+Pl+Nom € gájkdivna	gájkdivna+Pron+Indef gájkdivna	gájkdivna+Pron+Indef 
 gaittiinnat	gaittiinnat+Pron+Indef+Pl+Nom € gájkdivna	gájkdivna+Pron+Indef gájkdivna	gájkdivna+Pron+Indef 
 gaskamuttus	gaskamuddu+N+Sg+Loc gaskamuttus	gaskamuddu+N+Sg+Acc+PxSg3 gaskamuttus	gaskamuddu+N+Sg+Gen+PxSg3 gaskamuttus	gaskamuddu+N+Sg+Loc gaskamuttus	gaskamuddu+N+Sg+Acc+PxSg3 gaskamuttus	gaskamuddu+N+Sg+Gen+PxSg3 gaskamuttus	gaskamuttus+Adv € gasskarájen	gasska+N+Cmp/SgNom+Cmp#rádje+N+Sg+Ine gasskarájen	gasska+N+Cmp/SgNom+Cmp#rádje+N+Sg+Ine gasskarájen	gasska+N+Cmp/SgNom+Cmp#rádje+N+Sg+Ine gasskarájen	gasska+N+Cmp/SgNom+Cmp#rádje+N+Sg+Ine gasskarájen	gasska+N+Cmp/SgNom+Cmp#rádje+N+Sg+Ine gasskarájen	gasska+N+Cmp/SgNom+Cmp#rádje+N+Sg+Ine gasskarájen	gasska+N+Cmp/SgNom+Cmp#rádje+N+Sg+Ine gasskarájen	gasska+N+Cmp/SgNom+Cmp#rádje+N+Sg+Ine gasskarájen	gasska+N+Cmp/SgNom+Cmp#rádje+N+Sg+Ine gasskarájen	gasska+N+Cmp/SgNom+Cmp#rádje+N+Sg+Ine gasskarájen	gasska+N+Cmp/SgNom+Cmp#rádje+N+Sg+Ine gasskarájen	gasska+N+Cmp/SgNom+Cmp#rádje+N+Sg+Ine gasskarájen	gasska+N+Cmp/SgNom+Cmp#rádje+N+Sg+Ine gasskarájen	gasska+N+Cmp/SgNom+Cmp#rádje+N+Sg+Ine gasskarájen	gasska+N+Cmp/SgNom+Cmp#rádje+N+Sg+Ine gasskarájen	gasska+N+Cmp/SgNom+Cmp#rádje+N+Sg+Ine gasskarájen	gasska+N+Cmp/SgNom+Cmp#rádje+N+Sg+Ine gasskarájen	gasska+N+Cmp/SgNom+Cmp#rádje+N+Sg+Ine gasskarájen	gasska+N+Cmp/SgNom+Cmp#rádje+N+Sg+Ine gasskarájen	gasska+N+Cmp/SgNom+Cmp#rádje+N+Sg+Ine gasskarájen	gasska+N+Cmp/SgNom+Cmp#rádje+N+Sg+Ine gasskarájen	gasska+N+Cmp/SgNom+Cmp#rádje+N+Sg+Ine gasskarájen	gasska+N+Cmp/SgNom+Cmp#rádje+N+Sg+Ine gasskarájen	gasska+N+Cmp/SgNom+Cmp#rádje+N+Sg+Ine gasskarájen	gasskarádje+N+Sg+Ine gasskarájen	gasskarádje+N+Sg+Ine gasskarájen	gasskarádje+N+Sg+Ine gasskarájen	gasskarádje+N+Sg+Ine gasskarájen	gasskarádje+N+Sg+Ine gasskarájen	gasskarádje+N+Sg+Ine 
 gaskkal	gaskkal+Pr € gaskav	gasska+N+Sg+Acc gaskav	gasska+N+Sg+Acc gaskav	gasska+N+Sg+Acc gaskav	gasska+N+Sg+Acc gaskav	gasska+N+Sg+Acc gaskav	gasska+N+Sg+Acc gaskav	gasska+N+Sg+Acc gaskav	gasska+N+Sg+Acc gaskav	gasska+N+Sg+Acc gaskav	gasska+N+Sg+Acc gaskav	gasska+N+Sg+Acc gaskav	gasska+N+Sg+Acc gaskav	gaskav+Po gaskav	gaskav+Po gaskav	gasskat+V+TV+Ind+Prs+Sg1 gaskav	gasskat+V+TV+Ind+Prs+Sg1 
 geahčen	geahčen+Adv geahčen	geahčen+Po € lunna	lunna+Po lunna	lunna+Po 
 geatnegahttojuvvon	geatnegahttit+V+TV+Der/PassL+V+IV+Ind+Prt+ConNeg geatnegahttojuvvon	geatnegahttit+V+TV+Der/PassL+V+IV+PrfPrc geatnegahttojuvvon	geatnegahttit+V+TV+Der/PassL+V+IV+Ind+Prs+Sg1 geatnegahttojuvvon	geatnegahttojuvvon+A+Attr geatnegahttojuvvon	geatnegahttojuvvon+A+Pl+Nom geatnegahttojuvvon	geatnegahttojuvvon+A+Sg+Nom € åvdåsvásstádus	åvdåsvásstádus+N+Sg+Nom åvdåsvásstádus	åvdåsvásstádus+N+Sg+Nom 
 gea	gea+Interj € ge	ge+CC ge	ge+Interj ge	ge+CC ge	ge+Interj 
 geažes	geažes+Po geažes	geažes+Pr € maŋŋela	maŋŋel+N+Sg+Gen maŋŋela	maŋŋel+N+Sg+Gen maŋŋela	maŋŋela+Adv maŋŋela	maŋŋela+Po maŋŋela	maŋŋela+Pr maŋŋela	maŋŋela+Adv maŋŋela	maŋŋela+Po maŋŋela	maŋŋela+Pr 
 geažil	geažil+Po geažil	geažil+Pr € diehti	diehtet+V+TV+Ind+Prs+Pl3 diehti	diehtet+V+TV+Ind+Prt+Sg2 diehti	diehtet+V+TV+Ind+Prs+Pl3 diehti	diehtet+V+TV+Ind+Prt+Sg2 diehti	diehti+Po diehti	diehti+Po 
 ges	ges+Pcle € vas	vas+Adv vas	vas+Adv 
 € giehtabielle	giehta+N+Cmp/SgNom+Cmp#bielle+N+Sg+Nom giehtabielle	giehta+N+Cmp/SgNom+Cmp#bielle+N+Sg+Nom giehtabielle	giehta+N+Cmp/SgNom+Cmp#bielle+N+Sg+Nom giehtabielle	giehta+N+Cmp/SgNom+Cmp#bielle+N+Sg+Nom giehtabielle	giehta+N+Cmp/SgNom+Cmp#bielle+N+Sg+Nom giehtabielle	giehta+N+Cmp/SgNom+Cmp#bielle+N+Sg+Nom giehtabielle	giehta+N+Cmp/SgNom+Cmp#bielle+N+Sg+Nom giehtabielle	giehta+N+Cmp/SgNom+Cmp#bielle+N+Sg+Nom giehtabielle	giehtabielle+N+Sg+Nom giehtabielle	giehtabielle+N+Sg+Nom 
 gis	gis+Pcle € gis	gis+Pcle gis	gis+Pcle 
 goabbat	goabbat+Pron+Indef+Nom goabbat	goabbat+Pron+Recipr+Du € goabbá	goabbá+Pron+Indef+Sg+Nom goabbá	goabbá+Pron+Interr+Sg+Nom goabbá	goabbá+Pron+Rel+Sg+Nom goabbá	goabbá+Pron+Indef+Sg+Nom goabbá	goabbá+Pron+Interr+Sg+Nom goabbá	goabbá+Pron+Rel+Sg+Nom 
 goittotge	goittotge+Pcle € ajtu	ajtu+Adv ajtu	ajtu+Adv 
 goittot	goittot+Pcle € gåjt	gåjt+Adv gåjt	gåjt+Adv 
 goit	goit+Pcle € gåjt	gåjt+Adv gåjt	gåjt+Adv 
 golbma-njealljelot	golbma-njealljelot+Num+Attr € gålmmå-nielljalåk	gålmmå-nielljalåk+?	inf 
 golbma-njealljenuppelot	golbma-njealljenuppelot+Num+Attr € lågenangålmmå-niellja	lågenangålmmå-niellja+Num+Attr lågenangålmmå-niellja	lågenangålmmå-niellja+Num+Sg+Nom lågenangålmmå-niellja	lågenangålmmå-niellja+Num+Attr lågenangålmmå-niellja	lågenangålmmå-niellja+Num+Sg+Nom 
 gonagaslaš	gonagaslaš+A+Attr gonagaslaš	gonagaslaš+A+Sg+Nom € gånågisálasj	gånågisálasj+?	inf 
 guhku	guhku+Po € guhkke	guhkke+A+Sg+Nom guhkke	guhkke+A+Sg+Nom guhkke	guhkke+A+Sg+Nom guhkke	guhkke+A+Sg+Nom guhkke	guhkket+V+IV+Imprt+Du2 guhkke	guhkket+V+IV+PrsPrc guhkke	guhkket+V+IV+Der/NomAg+N+Pl+Nom guhkke	guhkket+V+IV+Der/NomAg+N+Sg+Gen guhkke	guhkket+V+IV+Der/NomAg+N+Sg+Nom guhkke	guhkket+V+IV+Imprt+Du2 guhkke	guhkket+V+IV+PrsPrc guhkke	guhkket+V+IV+Der/NomAg+N+Pl+Nom guhkke	guhkket+V+IV+Der/NomAg+N+Sg+Gen guhkke	guhkket+V+IV+Der/NomAg+N+Sg+Nom 
 guhtta-čiežalot	guhtta-čiežalot+Num+Attr € guhtta-giehtjalåk	guhtta-giehtjalåk+Num+Attr guhtta-giehtjalåk	guhtta-giehtjalåk+Num+Attr 
 guhtta-čiežanuppelot	guhtta-čiežanuppelot+Num+Attr € lågenanguhtta-giehtja	lågenanguhtta-giehtja+Num+Attr lågenanguhtta-giehtja	lågenanguhtta-giehtja+Num+Sg+Nom lågenanguhtta-giehtja	lågenanguhtta-giehtja+Num+Attr lågenanguhtta-giehtja	lågenanguhtta-giehtja+Num+Sg+Nom 
 € guorgojgoalsse	guorgoj+N+Cmp/SgNom+Cmp#goalsse+N+Sg+Nom guorgojgoalsse	guorgoj+N+Cmp/SgNom+Cmp#goalsse+N+Sg+Nom guorgojgoalsse	guorgoj+N+Cmp/SgNom+Cmp#goalsse+N+Sg+Nom guorgojgoalsse	guorgoj+N+Cmp/SgNom+Cmp#goalsse+N+Sg+Nom guorgojgoalsse	guorgoj+N+Cmp/SgNom+Cmp#goalsse+N+Sg+Nom guorgojgoalsse	guorgoj+N+Cmp/SgNom+Cmp#goalsse+N+Sg+Nom guorgojgoalsse	guorgojgoalsse+N+Sg+Nom guorgojgoalsse	guorgojgoalsse+N+Sg+Nom guorgojgoalsse	guorgojgoalsse+N+Sg+Nom guorgojgoalsse	guorgojgoalsse+N+Sg+Nom guorgojgoalsse	guorgojgoalsse+N+Sg+Nom guorgojgoalsse	guorgojgoalsse+N+Sg+Nom 
 guokte-golbmalot	guokte-golbmalot+Num+Attr € guokta-gålmmålåk	guokta-gålmmålåk+Num+Attr guokta-gålmmålåk	guokta-gålmmålåk+Num+Attr 
 guokte-golbmanuppelot	guokte-golbmanuppelot+Num+Attr € lågenanguokta-gålmmå	lågenanguokta-gålmmå+Num+Attr lågenanguokta-gålmmå	lågenanguokta-gålmmå+Num+Sg+Nom lågenanguokta-gålmmå	lågenanguokta-gålmmå+Num+Attr lågenanguokta-gålmmå	lågenanguokta-gålmmå+Num+Sg+Nom 
 guovddáš	guovdi+N+Der/Dimin+N+Sg+Nom guovddáš	guovdi+N+Der/Dimin+N+Sg+Nom guovddáš	guovdi+N+Der/Dimin+N+Sg+Nom guovddáš	guovddáš+N+Sg+Nom guovddáš	guovddáš+N+Sg+Nom guovddáš	guovddáš+N+Sg+Nom guovddáš	guovddáš+Po guovddáš	guovddáš+Pr € 	+?	inf 
 gávcci-ovccilot	gávcci-ovccilot+Num+Attr € gáktsa-aktselåk	gáktsa-aktselåk+Num+Attr gáktsa-aktselåk	gáktsa-aktselåk+Num+Attr 
 gávcci-ovccinuppelot	gávcci-ovccinuppelot+Num+Attr € lågenangáktsa-aktse	lågenangáktsa-aktse+Num+Attr lågenangáktsa-aktse	lågenangáktsa-aktse+Num+Sg+Nom lågenangáktsa-aktse	lågenangáktsa-aktse+Num+Attr lågenangáktsa-aktse	lågenangáktsa-aktse+Num+Sg+Nom 
 gážas	gážas+?	inf € vuopptagoavnnje	vuoppta+N+Cmp/SgNom+Cmp#goavnnje+N+Sg+Nom vuopptagoavnnje	vuoppta+N+Cmp/SgNom+Cmp#goavnnje+N+Sg+Nom vuopptagoavnnje	vuoppta+N+Cmp/SgNom+Cmp#goavnnje+N+Sg+Nom vuopptagoavnnje	vuoppta+N+Cmp/SgNom+Cmp#goavnnje+N+Sg+Nom vuopptagoavnnje	vuoppta+N+Cmp/SgNom+Cmp#goavnnje+N+Sg+Nom vuopptagoavnnje	vuoppta+N+Cmp/SgNom+Cmp#goavnnje+N+Sg+Nom vuopptagoavnnje	vuopptagoavnnje+N+Sg+Nom vuopptagoavnnje	vuopptagoavnnje+N+Sg+Nom vuopptagoavnnje	vuopptagoavnnje+N+Sg+Nom vuopptagoavnnje	vuopptagoavnnje+N+Sg+Nom vuopptagoavnnje	vuopptagoavnnje+N+Sg+Nom vuopptagoavnnje	vuopptagoavnnje+N+Sg+Nom 
 halleluja	halleluja+Interj € halleluja	halleluja+Interj halleluja	halleluja+Interj 
 hal	hal+Pcle € dávk	dávk+Adv dávk	dávk+Adv 
 han	han+Pcle € ham	ham+Pcle ham	ham+Pcle 
 hei	hei+?	inf € hei	hei+?	inf 
 hárrái	hárri+N+G3+Sg+Ill hárrái	hárri+N+G3+Sg+Ill hárrái	hárri+N+Sg+Ill hárrái	hárri+N+G3+Sg+Ill hárrái	hárrái+Po hárrái	hárrái+Pr hárrái	hárrát+V+IV+Ind+Prt+Sg3 € hárráj	hárre+N+Sg+Ill hárráj	hárre+N+Sg+Ill hárráj	hárre+N+Sg+Ill hárráj	hárre+N+Sg+Ill hárráj	hárre+N+Sg+Ill hárráj	hárre+N+Sg+Ill hárráj	hárre+N+Sg+Ill hárráj	hárre+N+Sg+Ill hárráj	hárret+V+TV+Der/NomAg+N+Sg+Ill hárráj	hárret+V+TV+Der/NomAg+N+Sg+Ill hárráj	hárret+V+TV+Der/NomAg+N+Sg+Ill hárráj	hárret+V+TV+Der/NomAg+N+Sg+Ill hárráj	hárret+V+TV+Der/NomAg+N+Sg+Ill hárráj	hárret+V+TV+Der/NomAg+N+Sg+Ill hárráj	hárret+V+TV+Der/NomAg+N+Sg+Ill hárráj	hárret+V+TV+Der/NomAg+N+Sg+Ill hárráj	hárret+V+TV+Der/NomAg+N+Sg+Ill hárráj	hárret+V+TV+Der/NomAg+N+Sg+Ill hárráj	hárret+V+TV+Der/NomAg+N+Sg+Ill hárráj	hárret+V+TV+Der/NomAg+N+Sg+Ill hárráj	hárret+V+TV+Der/NomAg+N+Sg+Ill hárráj	hárret+V+TV+Der/NomAg+N+Sg+Ill hárráj	hárret+V+TV+Der/NomAg+N+Sg+Ill hárráj	hárret+V+TV+Der/NomAg+N+Sg+Ill hárráj	hárret+V+TV+Der/NomAg+N+Sg+Ill hárráj	hárret+V+TV+Der/NomAg+N+Sg+Ill hárráj	hárráj+Po hárráj	hárráj+Po 
 hålogalaš	hålogalaš+A+Attr hålogalaš	hålogalaš+A+Sg+Nom hålogalaš	hålogalaš+A+Attr hålogalaš	hålogalaš+A+Sg+Nom hålogalaš	hålogalaš+A+Attr hålogalaš	hålogalaš+A+Sg+Nom € hålogáláttek	hålogáláttek+N+Sg+Nom hålogáláttek	hålogáláttek+N+Sg+Nom hålogáláttek	hålogáláttek+N+Sg+Nom hålogáláttek	hålogáláttek+N+Sg+Nom hålogáláttek	hålogáláttek+N+Sg+Nom hålogáláttek	hålogáláttek+N+Sg+Nom 
 ievttá	ievttá+A+Attr ievttá	ievttá+A+Sg+Gen € ævtásj	ævtásj+N+Sg+Nom ævtásj	ævtásj+N+Sg+Nom 
 iešgiijai	iešgiijai+Pron+Indef+Sg+Nom € iesjguhti	iesjguhti+?	inf 
 iešgii	iešgii+?	inf € iesjguhti	iesjguhti+?	inf 
 iešguhtet	iešguhtet+Pron+Indef+Nom € iesjguhti	iesjguhti+?	inf 
 iešguhte	iešguhte+?	inf € iesjgeŋgalágásj	iesjgeŋgalágásj+A+Attr iesjgeŋgalágásj	iesjgeŋgalágásj+A+Sg+Nom iesjgeŋgalágásj	iesjgeŋgalágásj+A+Attr iesjgeŋgalágásj	iesjgeŋgalágásj+A+Sg+Nom 
 iešguhte	iešguhte+?	inf € iesjguhti	iesjguhti+?	inf 
 ieš	ieš+Pron+Refl+Sg+Nom € iesj	iesj+Pron+Refl+Sg+Nom iesj	iesj+Pron+Refl+Sg+Nom 
 ihkinassii	ihkinassii+Adv € ihkenis	ihkenis+Pron+Indef ihkenis	ihkenis+Pron+Indef 
 impliceret	impliceret+V+TV+Inf impliceret	impliceret+V+TV+Der/d+V+Ind+Prs+ConNeg impliceret	impliceret+V+TV+Der/h+V+Ind+Prs+ConNeg € implicerit	implicerit+?	inf 
 indoeurohpalaš	indoeurohpalaš+A+Attr indoeurohpalaš	indoeurohpalaš+A+Sg+Nom indoeurohpalaš	indoeurohpalaš+A+Attr indoeurohpalaš	indoeurohpalaš+A+Sg+Nom indoeurohpalaš	indoeurohpalaš+A+Attr indoeurohpalaš	indoeurohpalaš+A+Sg+Nom € indoeuropalasj	indoeuropalasj+?	inf 
 induceret	induceret+V+TV+Inf induceret	induceret+V+TV+Der/d+V+Ind+Prs+ConNeg induceret	induceret+V+TV+Der/h+V+Ind+Prs+ConNeg € inducerit	inducerit+?	inf 
 inficeret	inficeret+V+TV+Inf inficeret	inficeret+V+TV+Der/d+V+Ind+Prs+ConNeg inficeret	inficeret+V+TV+Der/h+V+Ind+Prs+ConNeg € inficerit	inficerit+?	inf 
 introduceret	introduceret+V+TV+Inf introduceret	introduceret+V+TV+Der/d+V+Ind+Prs+ConNeg introduceret	introduceret+V+TV+Der/h+V+Ind+Prs+ConNeg € introducerit	introducerit+?	inf 
 jahkásaš	jahkásaš+A+Attr jahkásaš	jahkásaš+A+Sg+Nom jahkásaš	jahkásaš+A+Attr jahkásaš	jahkásaš+A+Sg+Nom jahkásaš	jahkásaš+A+Attr jahkásaš	jahkásaš+A+Sg+Nom € jahke	jahke+N+Sg+Nom jahke	jahke+N+Sg+Nom jahke	jahke+N+Sg+Nom jahke	jahke+N+Sg+Nom jahke	jahke+N+Sg+Nom jahke	jahke+N+Sg+Nom 
 jazz	jazz+N+Sg+Gen jazz	jazz+N+Sg+Nom € jazz	jazz+?	inf 
 julevsámegiel	julevsámegiel+A+Attr € julevsámegiella	julevsábme+N+Cmp/SgGen+Cmp#giella+N+Sg+Nom julevsámegiella	julevsábme+N+Cmp/SgGen+Cmp#giella+N+Sg+Nom julevsámegiella	julevsámegiella+N+Sg+Nom julevsámegiella	julevsámegiella+N+Sg+Nom julevsámegiella	julev+N+Cmp/SgNom+Cmp#sábme+N+Cmp/SgGen+Cmp#giella+N+Sg+Nom julevsámegiella	julev+N+Cmp/SgNom+Cmp#sámegiella+N+Sg+Nom julevsámegiella	julev+N+Cmp/SgNom+Cmp#sábme+N+Cmp/SgGen+Cmp#giella+N+Sg+Nom julevsámegiella	julev+N+Cmp/SgNom+Cmp#sámegiella+N+Sg+Nom 
 julev	julev+N+Sg+Nom julev	julev+N+Sg+Nom julev	julev+N+Sg+Nom € julev	julev+?	inf 
 juogo	juohku+N+Sg+Gen juogo	juohku+N+Sg+Gen juogo	juohku+N+Sg+Gen juogo	juo+Adv+Qst juogo	juogo+Adv juogo	juogo+CS € juogu	juogu+CC juogu	juogu+CC 
 juos	juos+CS € jus	jus+CS jus	jus+CS 
 kV	kV+N+ABBR € kV	kV+N+ABBR kV	kV+N+ABBR 
 kartografiijja	kartografiijja+?	inf € kartográfijja	kartográfijja+N+Pl+Nom kartográfijja	kartográfijja+N+Sg+Gen kartográfijja	kartográfijja+N+Sg+Nom 
 katedrála	katedrála+?	inf € katedrálla	katedrálla+N+Sg+Nom katedrálla	katedrálla+N+Sg+Nom 
 klicheret	klicheret+V+TV+Inf klicheret	klicheret+V+TV+Der/d+V+Ind+Prs+ConNeg klicheret	klicheret+V+TV+Der/h+V+Ind+Prs+ConNeg € klicherit	klicherit+?	inf 
 € kårttåspælla	kårttå+N+Cmp/SgNom+Cmp#spælla+N+Sg+Nom kårttåspælla	kårttåspælla+N+Sg+Nom 
 kommuniceret	kommuniceret+V+TV+Inf kommuniceret	kommuniceret+V+TV+Der/d+V+Ind+Prs+ConNeg kommuniceret	kommuniceret+V+TV+Der/h+V+Ind+Prs+ConNeg € kommunicerit	kommunicerit+?	inf 
 kompliceret	kompliceret+V+TV+Inf kompliceret	kompliceret+V+TV+Der/d+V+Ind+Prs+ConNeg kompliceret	kompliceret+V+TV+Der/h+V+Ind+Prs+ConNeg € komplicerit	komplicerit+?	inf 
 káno	káno+?	inf € kánoj	kánoj+N+Sg+Nom 
 € lagosdemokratijja	lagos+N+Cmp/SgNom+Cmp#demokratijja+N+Pl+Nom lagosdemokratijja	lagos+N+Cmp/SgNom+Cmp#demokratijja+N+Sg+Gen lagosdemokratijja	lagos+N+Cmp/SgNom+Cmp#demokratijja+N+Sg+Nom lagosdemokratijja	lagos+N+Cmp/SgNom+Cmp#demokratijja+N+Pl+Nom lagosdemokratijja	lagos+N+Cmp/SgNom+Cmp#demokratijja+N+Sg+Gen lagosdemokratijja	lagos+N+Cmp/SgNom+Cmp#demokratijja+N+Sg+Nom lagosdemokratijja	lagos+N+Cmp/SgNom+Cmp#demokratijja+N+Pl+Nom lagosdemokratijja	lagos+N+Cmp/SgNom+Cmp#demokratijja+N+Sg+Gen lagosdemokratijja	lagos+N+Cmp/SgNom+Cmp#demokratijja+N+Sg+Nom lagosdemokratijja	lagosdemokratijja+N+Pl+Nom lagosdemokratijja	lagosdemokratijja+N+Sg+Gen lagosdemokratijja	lagosdemokratijja+N+Sg+Nom lagosdemokratijja	lagosdemokratijja+N+Pl+Nom lagosdemokratijja	lagosdemokratijja+N+Sg+Gen lagosdemokratijja	lagosdemokratijja+N+Sg+Nom lagosdemokratijja	lagosdemokratijja+N+Pl+Nom lagosdemokratijja	lagosdemokratijja+N+Sg+Gen lagosdemokratijja	lagosdemokratijja+N+Sg+Nom 
 lagaš	lagaš+N+Sg+Nom lagaš	lagaš+A+Attr € lahka	lahka+Adv lahka	lahka+Po lahka	lahka+Pr lahka	lahka+Adv lahka	lahka+Po lahka	lahka+Pr 
 lahka	lahka+Adv lahka	lahka+Po lahka	lahka+Pr € lagáp	lagáp+A+Gram/Comp+Attr lagáp	lagáp+A+Gram/Comp+Sg+Nom lagáp	lagáp+A+Gram/Comp+Attr lagáp	lagáp+A+Gram/Comp+Sg+Nom 
 liige	liige+Adv € lijgge	lijgge+N+Sg+Nom lijgge	lijgge+N+Sg+Nom 
 liikká	liikká+Adv € állas	állas+N+Sg+Nom állas	állas+N+Sg+Nom 
 loahpageahčen	loahpageahčen+Adv loahpageahčen	loahpageahčen+Po loahpageahčen	loahpageahčen+Pr € giehtje	giehtje+N+Sg+Nom giehtje	giehtje+N+Sg+Nom giehtje	giehtje+N+Sg+Nom giehtje	giehtje+N+Sg+Nom giehtje	giehtje+N+Sg+Nom giehtje	giehtje+N+Sg+Nom 
 logos	logo+N+Sg+Loc logos	logo+N+Sg+Acc+PxSg3 logos	logo+N+Sg+Gen+PxSg3 logos	logos+N+Sg+Nom € logos	logos+?	inf 
 € låhkåmtesta	låhkåmtesta+?	inf 
 lot	lot+?	inf € låk	låhke+Num+Sg+Attr låk	låhke+Num+Sg+Attr 
 luhtte	luohttit+V+IV+Ind+Prs+Du1 luhtte	luohttit+V+IV+Ind+Prt+Pl3 luhtte	luhtte+Adv luhtte	luhtte+Po € lunna	lunna+Po lunna	lunna+Po 
 lullioarjin	lulleoarji+N+Ess lullioarjin	lullioarjin+Adv € oarjjeallen	oarjje+N+Cmp/SgNom+Cmp#alle+N+Ess oarjjeallen	oarjje+N+Cmp/SgNom+Cmp#alle+N+Ess oarjjeallen	oarjjealle+N+Ess oarjjeallen	oarjjealle+N+Ess 
 lullisámegiel	lullisámegiel+A+Attr € oarjjelsámegiella	oarjjel+N+Cmp/SgNom+Cmp#sábme+N+Cmp/SgGen+Cmp#giella+N+Sg+Nom oarjjelsámegiella	oarjjel+N+Cmp/SgNom+Cmp#sámegiella+N+Sg+Nom oarjjelsámegiella	oarjjel+N+Cmp/SgNom+Cmp#sábme+N+Cmp/SgGen+Cmp#giella+N+Sg+Nom oarjjelsámegiella	oarjjel+N+Cmp/SgNom+Cmp#sámegiella+N+Sg+Nom oarjjelsámegiella	oarjjelsámegiella+N+Sg+Nom oarjjelsámegiella	oarjjelsámegiella+N+Sg+Nom 
 € luonndofilosofijja	luonndo+N+Cmp/SgNom+Cmp#filosofijja+N+Pl+Nom luonndofilosofijja	luonndo+N+Cmp/SgNom+Cmp#filosofijja+N+Sg+Gen luonndofilosofijja	luonndo+N+Cmp/SgNom+Cmp#filosofijja+N+Sg+Nom luonndofilosofijja	luonndofilosofijja+N+Pl+Nom luonndofilosofijja	luonndofilosofijja+N+Sg+Gen luonndofilosofijja	luonndofilosofijja+N+Sg+Nom 
 láibu	láibut+V+TV+Imprt+Du1 láibu	láibut+V+TV+Imprt+Du2 láibu	láibut+V+TV+Ind+Prs+Sg3 láibu	láibut+V+TV+PrsPrc láibu	láibut+V+TV+Der/NomAg+N+Sg+Acc láibu	láibut+V+TV+Der/NomAg+N+Sg+Gen láibu	láibut+V+TV+Der/NomAg+N+Sg+Nom láibu	láibut+V+TV+Der/NomAg+N+Sg+Acc láibu	láibut+V+TV+Der/NomAg+N+Sg+Gen láibu	láibut+V+TV+Der/NomAg+N+Sg+Nom láibu	láibut+V+TV+Der/NomAg+N+Sg+Acc láibu	láibut+V+TV+Der/NomAg+N+Sg+Gen láibu	láibut+V+TV+Der/NomAg+N+Sg+Nom láibu	láibut+V+TV+Der/NomAg+N+Sg+Acc láibu	láibut+V+TV+Der/NomAg+N+Sg+Gen láibu	láibut+V+TV+Der/NomAg+N+Sg+Nom láibu	láibut+V+TV+Der/NomAg+N+Sg+Acc láibu	láibut+V+TV+Der/NomAg+N+Sg+Gen láibu	láibut+V+TV+Der/NomAg+N+Sg+Nom láibu	láibut+V+TV+Der/NomAg+N+Sg+Acc láibu	láibut+V+TV+Der/NomAg+N+Sg+Gen láibu	láibut+V+TV+Der/NomAg+N+Sg+Nom láibu	láibut+V+TV+Der/NomAg+N+Sg+Acc láibu	láibut+V+TV+Der/NomAg+N+Sg+Gen láibu	láibut+V+TV+Der/NomAg+N+Sg+Nom láibu	láibut+V+TV+Der/NomAg+N+Sg+Acc láibu	láibut+V+TV+Der/NomAg+N+Sg+Gen láibu	láibut+V+TV+Der/NomAg+N+Sg+Nom láibu	láibut+V+TV+Der/NomAg+N+Sg+Acc láibu	láibut+V+TV+Der/NomAg+N+Sg+Gen láibu	láibut+V+TV+Der/NomAg+N+Sg+Nom láibu	láibu+N+NomAg+Sg+Acc láibu	láibu+N+NomAg+Sg+Gen láibu	láibu+N+NomAg+Sg+Nom láibu	láibu+N+NomAg+Sg+Acc láibu	láibu+N+NomAg+Sg+Gen láibu	láibu+N+NomAg+Sg+Nom láibu	láibu+N+NomAg+Sg+Acc láibu	láibu+N+NomAg+Sg+Gen láibu	láibu+N+NomAg+Sg+Nom láibu	láibu+N+NomAg+Sg+Acc láibu	láibu+N+NomAg+Sg+Gen láibu	láibu+N+NomAg+Sg+Nom láibu	láibu+N+NomAg+Sg+Acc láibu	láibu+N+NomAg+Sg+Gen láibu	láibu+N+NomAg+Sg+Nom láibu	láibu+N+NomAg+Sg+Acc láibu	láibu+N+NomAg+Sg+Gen láibu	láibu+N+NomAg+Sg+Nom láibu	láibu+N+NomAg+Sg+Acc láibu	láibu+N+NomAg+Sg+Gen láibu	láibu+N+NomAg+Sg+Nom láibu	láibu+N+NomAg+Sg+Acc láibu	láibu+N+NomAg+Sg+Gen láibu	láibu+N+NomAg+Sg+Nom láibu	láibu+N+NomAg+Sg+Acc láibu	láibu+N+NomAg+Sg+Gen láibu	láibu+N+NomAg+Sg+Nom láibu	láibu+N+NomAg+Sg+Acc láibu	láibu+N+NomAg+Sg+Gen láibu	láibu+N+NomAg+Sg+Nom láibu	láibu+N+NomAg+Sg+Acc láibu	láibu+N+NomAg+Sg+Gen láibu	láibu+N+NomAg+Sg+Nom láibu	láibu+N+NomAg+Sg+Acc láibu	láibu+N+NomAg+Sg+Gen láibu	láibu+N+NomAg+Sg+Nom láibu	láibu+N+NomAg+Sg+Acc láibu	láibu+N+NomAg+Sg+Gen láibu	láibu+N+NomAg+Sg+Nom láibu	láibu+N+NomAg+Sg+Acc láibu	láibu+N+NomAg+Sg+Gen láibu	láibu+N+NomAg+Sg+Nom láibu	láibu+N+NomAg+Sg+Acc láibu	láibu+N+NomAg+Sg+Gen láibu	láibu+N+NomAg+Sg+Nom láibu	láibu+N+NomAg+Sg+Acc láibu	láibu+N+NomAg+Sg+Gen láibu	láibu+N+NomAg+Sg+Nom láibu	láibu+N+NomAg+Sg+Acc láibu	láibu+N+NomAg+Sg+Gen láibu	láibu+N+NomAg+Sg+Nom láibu	láibu+N+NomAg+Sg+Acc láibu	láibu+N+NomAg+Sg+Gen láibu	láibu+N+NomAg+Sg+Nom láibu	láibu+N+NomAg+Sg+Acc láibu	láibu+N+NomAg+Sg+Gen láibu	láibu+N+NomAg+Sg+Nom láibu	láibu+N+NomAg+Sg+Acc láibu	láibu+N+NomAg+Sg+Gen láibu	láibu+N+NomAg+Sg+Nom láibu	láibu+N+NomAg+Sg+Acc láibu	láibu+N+NomAg+Sg+Gen láibu	láibu+N+NomAg+Sg+Nom láibu	láibu+N+NomAg+Sg+Acc láibu	láibu+N+NomAg+Sg+Gen láibu	láibu+N+NomAg+Sg+Nom láibu	láibu+N+NomAg+Sg+Acc láibu	láibu+N+NomAg+Sg+Gen láibu	láibu+N+NomAg+Sg+Nom láibu	láibu+N+NomAg+Sg+Acc láibu	láibu+N+NomAg+Sg+Gen láibu	láibu+N+NomAg+Sg+Nom láibu	láibu+N+NomAg+Sg+Acc láibu	láibu+N+NomAg+Sg+Gen láibu	láibu+N+NomAg+Sg+Nom láibu	láibu+N+NomAg+Sg+Acc láibu	láibu+N+NomAg+Sg+Gen láibu	láibu+N+NomAg+Sg+Nom láibu	láibu+N+NomAg+Sg+Acc láibu	láibu+N+NomAg+Sg+Gen láibu	láibu+N+NomAg+Sg+Nom € lájbbár	lájbbár+?	inf 
 lávccas	lákca+N+Sg+Loc lávccas	lákca+N+Sg+Acc+PxSg3 lávccas	lákca+N+Sg+Gen+PxSg3 € gahpa	gahpa+N+Sg+Nom gahpa	gahpa+N+Sg+Nom gahpa	gahppat+V+IV+Imprt+ConNeg gahpa	gahppat+V+IV+Imprt+Sg2 gahpa	gahppat+V+IV+Ind+ConNeg gahpa	gahppat+V+IV+Ind+Prs+Sg2 gahpa	gahppat+V+IV+VGen gahpa	gahppat+V+IV+Imprt+ConNeg gahpa	gahppat+V+IV+Imprt+Sg2 gahpa	gahppat+V+IV+Ind+ConNeg gahpa	gahppat+V+IV+Ind+Prs+Sg2 gahpa	gahppat+V+IV+VGen 
 mW	mW+N+ABBR € mW	mW+N+ABBR mW	mW+N+ABBR 
 makkár	makkár+Pron+Indef+Attr makkár	makkár+Pron+Indef+Sg+Nom makkár	makkár+Pron+Interr+Attr makkár	makkár+Pron+Interr+Sg+Nom € makkir	makkir+Pron+Interr+Attr makkir	makkir+Pron+Interr+Sg+Nom makkir	makkir+Pron+Rel+Attr makkir	makkir+Pron+Rel+Sg+Nom makkir	makkir+Pron+Interr+Attr makkir	makkir+Pron+Interr+Sg+Nom makkir	makkir+Pron+Rel+Attr makkir	makkir+Pron+Rel+Sg+Nom 
 mađe	mađđi+N+Sg+Gen mađe	mađe+Adv mađe	mađe+CS mađe	mađe+Po € made	made+N+Pl+Nom made	made+N+Sg+Gen made	made+N+Sg+Nom made	made+N+Pl+Nom made	made+N+Sg+Gen made	made+N+Sg+Nom made	mahte+N+Pl+Nom made	mahte+N+Sg+Gen made	mahte+N+Pl+Nom made	mahte+N+Sg+Gen made	made+CS made	made+Po made	made+CS made	made+Po 
 mielde	mielde+Adv mielde	mielde+Po € 	+?	inf 
 mihkke	mihkke+Pron+Indef+Sg+Nom € makkirak	makkir+Pron+Indef+Attr+Foc/Neg-k makkirak	makkir+Pron+Indef+Attr+Foc/Neg-k makkirak	makkirak+Pron+Indef makkirak	makkirak+Pron+Indef 
 mihkke	mihkke+Pron+Indef+Sg+Nom € mige	mige+Pron+Indef+Sg+Nom mige	mige+Pron+Indef+Sg+Nom 
 mii	mii+Pron+Indef+Sg+Nom mii	mii+Pron+Interr+Sg+Nom mii	mii+Pron+Rel+Sg+Nom mii	mun+Pron+Pers+Pl1+Nom € mij	mij+Pron+Interr+Sg+Nom mij	mij+Pron+Rel+Sg+Nom mij	mij+Pron+Interr+Sg+Nom mij	mij+Pron+Rel+Sg+Nom mij	mån+Pron+Pers+Pl1+Nom mij	mån+Pron+Pers+Pl1+Nom 
 moadde	moadde+Num+Sg+Acc moadde	moadde+Num+Sg+Nom € gallegasj	gallegasj+Pron+Indef+Sg+Nom gallegasj	gallegasj+Pron+Indef+Attr gallegasj	gallegasj+Pron+Indef+Sg+Nom gallegasj	gallegasj+Pron+Indef+Attr 
 moadde	moadde+Num+Sg+Acc moadde	moadde+Num+Sg+Nom € moaddi	moaddi+Adv moaddi	moaddi+Adv 
 moanat	moanat+Pron+Indef+Pl+Nom € moadda	moadda+Pron+Indef+Sg+Acc moadda	moadda+Pron+Indef+Sg+Nom moadda	moadda+Pron+Indef+Sg+Acc moadda	moadda+Pron+Indef+Sg+Nom 
 moattis	moattis+N+Coll+Sg+Nom moattis	moadde+Num+Sg+Loc € moattes	moadda+Pron+Indef+Sg+Ela moattes	moadda+Pron+Indef+Sg+Ela moattes	moattes+Pron+Indef+Sg+Nom moattes	moattes+Pron+Indef+Sg+Nom 
 morfofonema	morfofonema+?	inf € morfofoniebma	morfofoniebma+?	inf 
 € mujttogirjje	mujtto+N+Cmp/SgNom+Cmp#girjjat+V+TV+Der/NomAg+N+Pl+Nom mujttogirjje	mujtto+N+Cmp/SgNom+Cmp#girjjat+V+TV+Der/NomAg+N+Sg+Gen mujttogirjje	mujtto+N+Cmp/SgNom+Cmp#girjjat+V+TV+Der/NomAg+N+Sg+Nom mujttogirjje	mujtto+N+Cmp/SgNom+Cmp#girjjat+V+TV+Der/NomAg+N+Pl+Nom mujttogirjje	mujtto+N+Cmp/SgNom+Cmp#girjjat+V+TV+Der/NomAg+N+Sg+Gen mujttogirjje	mujtto+N+Cmp/SgNom+Cmp#girjjat+V+TV+Der/NomAg+N+Sg+Nom mujttogirjje	mujtto+N+Cmp/SgNom+Cmp#girjjat+V+TV+Der/NomAg+N+Pl+Nom mujttogirjje	mujtto+N+Cmp/SgNom+Cmp#girjjat+V+TV+Der/NomAg+N+Sg+Gen mujttogirjje	mujtto+N+Cmp/SgNom+Cmp#girjjat+V+TV+Der/NomAg+N+Sg+Nom mujttogirjje	mujtto+N+Cmp/SgNom+Cmp#girjje+N+Sg+Nom mujttogirjje	mujtto+N+Cmp/SgNom+Cmp#girjjat+V+TV+PrsPrc mujttogirjje	mujtto+N+Cmp/SgNom+Cmp#girjjat+V+TV+Der/NomAg+N+Pl+Nom mujttogirjje	mujtto+N+Cmp/SgNom+Cmp#girjjat+V+TV+Der/NomAg+N+Sg+Gen mujttogirjje	mujtto+N+Cmp/SgNom+Cmp#girjjat+V+TV+Der/NomAg+N+Sg+Nom mujttogirjje	mujtto+N+Cmp/SgNom+Cmp#girjjat+V+TV+Der/NomAg+N+Pl+Nom mujttogirjje	mujtto+N+Cmp/SgNom+Cmp#girjjat+V+TV+Der/NomAg+N+Sg+Gen mujttogirjje	mujtto+N+Cmp/SgNom+Cmp#girjjat+V+TV+Der/NomAg+N+Sg+Nom mujttogirjje	mujtto+N+Cmp/SgNom+Cmp#girjjat+V+TV+Der/NomAg+N+Pl+Nom mujttogirjje	mujtto+N+Cmp/SgNom+Cmp#girjjat+V+TV+Der/NomAg+N+Sg+Gen mujttogirjje	mujtto+N+Cmp/SgNom+Cmp#girjjat+V+TV+Der/NomAg+N+Sg+Nom mujttogirjje	mujtto+N+Cmp/SgNom+Cmp#girjjat+V+TV+Der/NomAg+N+Pl+Nom mujttogirjje	mujtto+N+Cmp/SgNom+Cmp#girjjat+V+TV+Der/NomAg+N+Sg+Gen mujttogirjje	mujtto+N+Cmp/SgNom+Cmp#girjjat+V+TV+Der/NomAg+N+Sg+Nom mujttogirjje	mujtto+N+Cmp/SgNom+Cmp#girjjat+V+TV+Der/NomAg+N+Pl+Nom mujttogirjje	mujtto+N+Cmp/SgNom+Cmp#girjjat+V+TV+Der/NomAg+N+Sg+Gen mujttogirjje	mujtto+N+Cmp/SgNom+Cmp#girjjat+V+TV+Der/NomAg+N+Sg+Nom mujttogirjje	mujtto+N+Cmp/SgNom+Cmp#girjjat+V+TV+Der/NomAg+N+Pl+Nom mujttogirjje	mujtto+N+Cmp/SgNom+Cmp#girjjat+V+TV+Der/NomAg+N+Sg+Gen mujttogirjje	mujtto+N+Cmp/SgNom+Cmp#girjjat+V+TV+Der/NomAg+N+Sg+Nom mujttogirjje	mujtto+N+Cmp/SgNom+Cmp#girjjat+V+TV+Der/NomAg+N+Pl+Nom mujttogirjje	mujtto+N+Cmp/SgNom+Cmp#girjjat+V+TV+Der/NomAg+N+Sg+Gen mujttogirjje	mujtto+N+Cmp/SgNom+Cmp#girjjat+V+TV+Der/NomAg+N+Sg+Nom mujttogirjje	mujtto+N+Cmp/SgNom+Cmp#girjjat+V+TV+Der/NomAg+N+Pl+Nom mujttogirjje	mujtto+N+Cmp/SgNom+Cmp#girjjat+V+TV+Der/NomAg+N+Sg+Gen mujttogirjje	mujtto+N+Cmp/SgNom+Cmp#girjjat+V+TV+Der/NomAg+N+Sg+Nom mujttogirjje	mujtto+N+Cmp/SgNom+Cmp#girjjat+V+TV+Der/NomAg+N+Pl+Nom mujttogirjje	mujtto+N+Cmp/SgNom+Cmp#girjjat+V+TV+Der/NomAg+N+Sg+Gen mujttogirjje	mujtto+N+Cmp/SgNom+Cmp#girjjat+V+TV+Der/NomAg+N+Sg+Nom mujttogirjje	mujtto+N+Cmp/SgNom+Cmp#girjjat+V+TV+Der/NomAg+N+Pl+Nom mujttogirjje	mujtto+N+Cmp/SgNom+Cmp#girjjat+V+TV+Der/NomAg+N+Sg+Gen mujttogirjje	mujtto+N+Cmp/SgNom+Cmp#girjjat+V+TV+Der/NomAg+N+Sg+Nom mujttogirjje	mujtto+N+Cmp/SgNom+Cmp#girjjat+V+TV+Der/NomAg+N+Pl+Nom mujttogirjje	mujtto+N+Cmp/SgNom+Cmp#girjjat+V+TV+Der/NomAg+N+Sg+Gen mujttogirjje	mujtto+N+Cmp/SgNom+Cmp#girjjat+V+TV+Der/NomAg+N+Sg+Nom mujttogirjje	mujtto+N+Cmp/SgNom+Cmp#girjjat+V+TV+Der/NomAg+N+Pl+Nom mujttogirjje	mujtto+N+Cmp/SgNom+Cmp#girjjat+V+TV+Der/NomAg+N+Sg+Gen mujttogirjje	mujtto+N+Cmp/SgNom+Cmp#girjjat+V+TV+Der/NomAg+N+Sg+Nom mujttogirjje	mujtto+N+Cmp/SgNom+Cmp#girjje+N+Sg+Nom mujttogirjje	mujtto+N+Cmp/SgNom+Cmp#girjjat+V+TV+PrsPrc mujttogirjje	mujtto+N+Cmp/SgNom+Cmp#girjjat+V+TV+Der/NomAg+N+Pl+Nom mujttogirjje	mujtto+N+Cmp/SgNom+Cmp#girjjat+V+TV+Der/NomAg+N+Sg+Gen mujttogirjje	mujtto+N+Cmp/SgNom+Cmp#girjjat+V+TV+Der/NomAg+N+Sg+Nom mujttogirjje	mujtto+N+Cmp/SgNom+Cmp#girjjat+V+TV+Der/NomAg+N+Pl+Nom mujttogirjje	mujtto+N+Cmp/SgNom+Cmp#girjjat+V+TV+Der/NomAg+N+Sg+Gen mujttogirjje	mujtto+N+Cmp/SgNom+Cmp#girjjat+V+TV+Der/NomAg+N+Sg+Nom mujttogirjje	mujtto+N+Cmp/SgNom+Cmp#girjjat+V+TV+Der/NomAg+N+Pl+Nom mujttogirjje	mujtto+N+Cmp/SgNom+Cmp#girjjat+V+TV+Der/NomAg+N+Sg+Gen mujttogirjje	mujtto+N+Cmp/SgNom+Cmp#girjjat+V+TV+Der/NomAg+N+Sg+Nom mujttogirjje	mujtto+N+Cmp/SgNom+Cmp#girjjat+V+TV+Der/NomAg+N+Pl+Nom mujttogirjje	mujtto+N+Cmp/SgNom+Cmp#girjjat+V+TV+Der/NomAg+N+Sg+Gen mujttogirjje	mujtto+N+Cmp/SgNom+Cmp#girjjat+V+TV+Der/NomAg+N+Sg+Nom mujttogirjje	mujtto+N+Cmp/SgNom+Cmp#girjjat+V+TV+Der/NomAg+N+Pl+Nom mujttogirjje	mujtto+N+Cmp/SgNom+Cmp#girjjat+V+TV+Der/NomAg+N+Sg+Gen mujttogirjje	mujtto+N+Cmp/SgNom+Cmp#girjjat+V+TV+Der/NomAg+N+Sg+Nom mujttogirjje	mujtto+N+Cmp/SgNom+Cmp#girjjat+V+TV+Der/NomAg+N+Pl+Nom mujttogirjje	mujtto+N+Cmp/SgNom+Cmp#girjjat+V+TV+Der/NomAg+N+Sg+Gen mujttogirjje	mujtto+N+Cmp/SgNom+Cmp#girjjat+V+TV+Der/NomAg+N+Sg+Nom mujttogirjje	mujtto+N+Cmp/SgNom+Cmp#girjjat+V+TV+Der/NomAg+N+Pl+Nom mujttogirjje	mujtto+N+Cmp/SgNom+Cmp#girjjat+V+TV+Der/NomAg+N+Sg+Gen mujttogirjje	mujtto+N+Cmp/SgNom+Cmp#girjjat+V+TV+Der/NomAg+N+Sg+Nom mujttogirjje	mujtto+N+Cmp/SgNom+Cmp#girjjat+V+TV+Der/NomAg+N+Pl+Nom mujttogirjje	mujtto+N+Cmp/SgNom+Cmp#girjjat+V+TV+Der/NomAg+N+Sg+Gen mujttogirjje	mujtto+N+Cmp/SgNom+Cmp#girjjat+V+TV+Der/NomAg+N+Sg+Nom mujttogirjje	mujtto+N+Cmp/SgNom+Cmp#girjjat+V+TV+Der/NomAg+N+Pl+Nom mujttogirjje	mujtto+N+Cmp/SgNom+Cmp#girjjat+V+TV+Der/NomAg+N+Sg+Gen mujttogirjje	mujtto+N+Cmp/SgNom+Cmp#girjjat+V+TV+Der/NomAg+N+Sg+Nom mujttogirjje	mujttogirjje+N+Sg+Nom mujttogirjje	mujttogirjje+N+Sg+Nom 
 multipliceret	multipliceret+V+TV+Inf multipliceret	multipliceret+V+TV+Der/d+V+Ind+Prs+ConNeg multipliceret	multipliceret+V+TV+Der/h+V+Ind+Prs+ConNeg € multiplicerit	multiplicerit+?	inf 
 musiceret	musiceret+V+IV+Inf musiceret	musiceret+V+IV+Der/d+V+Ind+Prs+ConNeg musiceret	musiceret+V+IV+Der/h+V+Ind+Prs+ConNeg € musicerit	musicerit+?	inf 
 máttasámegiel	máttasámegiel+A+Attr € oarjjelsámegiella	oarjjel+N+Cmp/SgNom+Cmp#sábme+N+Cmp/SgGen+Cmp#giella+N+Sg+Nom oarjjelsámegiella	oarjjel+N+Cmp/SgNom+Cmp#sámegiella+N+Sg+Nom oarjjelsámegiella	oarjjel+N+Cmp/SgNom+Cmp#sábme+N+Cmp/SgGen+Cmp#giella+N+Sg+Nom oarjjelsámegiella	oarjjel+N+Cmp/SgNom+Cmp#sámegiella+N+Sg+Nom oarjjelsámegiella	oarjjelsámegiella+N+Sg+Nom oarjjelsámegiella	oarjjelsámegiella+N+Sg+Nom 
 máŋggabeallásaččat	máŋggabeallásaš+A+Pl+Nom máŋggabeallásaččat	máŋggabeallásaš+A+Der/Comp+A+Attr máŋggabeallásaččat	máŋggabeallásaš+A+Der/Comp+A+Sg+Nom máŋggabeallásaččat	máŋggabeallásaš+A+Der/AAdv+Adv máŋggabeallásaččat	máŋggabeallásaččat+Adv € sieradus	sieradus+N+Sg+Nom sieradus	sieradus+N+Sg+Nom sieradus	sieradit+V+TV+ImprtII+Sg3 sieradus	sieradit+V+TV+ImprtII+Sg3 sieradus	sierrat+V+IV+Der/d+V+ImprtII+Sg3 sieradus	sierrat+V+IV+Der/u/a/åd+V+ImprtII+Sg3 sieradus	sierrat+V+IV+Der/d+V+ImprtII+Sg3 sieradus	sierrat+V+IV+Der/u/a/åd+V+ImprtII+Sg3 
 máŋggas	máŋggas+N+Coll+Sg+Nom máŋggas	máŋga+Num+Sg+Loc € moattes	moadda+Pron+Indef+Sg+Ela moattes	moadda+Pron+Indef+Sg+Ela moattes	moattes+Pron+Indef+Sg+Nom moattes	moattes+Pron+Indef+Sg+Nom 
 möbleret	möbleret+V+TV+Inf möbleret	möbleret+V+TV+Der/d+V+Ind+Prs+ConNeg möbleret	möbleret+V+TV+Der/h+V+Ind+Prs+ConNeg € möblerit	möblerit+?	inf 
 njeaiga	njeaiga+Po € næjgga	næjgga+Po 
 njeallje-vihttalot	njeallje-vihttalot+Num+Attr € niellja-vihttalåk	niellja-vihttalåk+Num+Attr niellja-vihttalåk	niellja-vihttalåk+Num+Attr 
 njeallje-vihttanuppelot	njeallje-vihttanuppelot+Num+Attr € lågenanniellja-vihtta	lågenanniellja-vihtta+Num+Attr lågenanniellja-vihtta	lågenanniellja-vihtta+Num+Sg+Nom lågenanniellja-vihtta	lågenanniellja-vihtta+Num+Attr lågenanniellja-vihtta	lågenanniellja-vihtta+Num+Sg+Nom 
 njuolggo	njuolgut+V+TV+Imprt+ConNeg njuolggo	njuolgut+V+TV+Imprt+Sg2 njuolggo	njuolgut+V+TV+Ind+Prs+ConNeg € njuolgga	njuolgga+Adv njuolgga	njuolgga+A+Attr njuolgga	njuolgga+Adv njuolgga	njuolgga+A+Attr 
 noa	noa+Pcle € na	na+Adv na	na+Pcle na	na+Adv na	na+Pcle 
 nugo	nu+Adv+Qst nugo	nugo+CS € dagu	dagu+CS dagu	dagu+CS 
 nuppes	nuppes+Adv € nuppes	nubbe+Pron+Indef+Sg+Ela nuppes	nubbe+Pron+Recipr+Sg+Ela nuppes	nubbe+A+Ord+Sg+Ela nuppes	nubbe+Pron+Indef+Sg+Ela nuppes	nubbe+Pron+Recipr+Sg+Ela nuppes	nubbe+A+Ord+Sg+Ela 
 o.m.á	o.m.á+?	inf € å.m.á	å.m.á+?	inf 
 € åhpadusjahke	åhpadus+N+Cmp/SgNom+Cmp#jahke+N+Sg+Nom åhpadusjahke	åhpadus+N+Cmp/SgNom+Cmp#jahke+N+Sg+Nom åhpadusjahke	åhpadus+N+Cmp/SgNom+Cmp#jahke+N+Sg+Nom åhpadusjahke	åhpadus+N+Cmp/SgNom+Cmp#jahke+N+Sg+Nom åhpadusjahke	åhpadus+N+Cmp/SgNom+Cmp#jahke+N+Sg+Nom åhpadusjahke	åhpadus+N+Cmp/SgNom+Cmp#jahke+N+Sg+Nom åhpadusjahke	åhpadusjahke+N+Sg+Nom åhpadusjahke	åhpadusjahke+N+Sg+Nom åhpadusjahke	åhpadusjahke+N+Sg+Nom åhpadusjahke	åhpadusjahke+N+Sg+Nom åhpadusjahke	åhpadusjahke+N+Sg+Nom åhpadusjahke	åhpadusjahke+N+Sg+Nom 
 obduceret	obduceret+V+TV+Inf obduceret	obduceret+V+TV+Der/d+V+Ind+Prs+ConNeg obduceret	obduceret+V+TV+Der/h+V+Ind+Prs+ConNeg € obducerit	obducerit+?	inf 
 oksyderet	oksyderet+V+IV+Inf oksyderet	oksyderet+V+IV+Der/d+V+Ind+Prs+ConNeg oksyderet	oksyderet+V+IV+Der/h+V+Ind+Prs+ConNeg € oksyderit	oksyderit+?	inf 
 oktasašjohtolat	oktasašjohtolat+N+Sg+Nom € aktisasjfievrro	aktisasjfievrro+?	inf 
 olihit	olihit+V+TV+Inf olihit	olihit+V+TV+Ind+Prs+Pl1 olihit	olihit+V+TV+Ind+Prs+Pl3 olihit	olihit+V+TV+Ind+Prt+Sg2 olihit	ollit+V+IV+Der/h+V+TV+Inf olihit	ollit+V+IV+Der/h+V+TV+Ind+Prs+Pl1 olihit	ollit+V+IV+Der/h+V+TV+Ind+Prs+Pl3 olihit	ollit+V+IV+Der/h+V+TV+Ind+Prt+Sg2 € olihit	olihit+?	inf 
 olis	ollit+V+IV+Der/st+V+Imprt+ConNeg olis	ollit+V+IV+Der/st+V+Imprt+Sg2 olis	ollit+V+IV+Der/st+V+Ind+Prs+ConNeg olis	olli+N+Sg+Loc olis	olli+N+Sg+Acc+PxSg3 olis	olli+N+Sg+Gen+PxSg3 olis	olli+N+Sg+Loc olis	olli+N+Sg+Acc+PxSg3 olis	olli+N+Sg+Gen+PxSg3 olis	olli+N+Sg+Loc olis	olli+N+Sg+Acc+PxSg3 olis	olli+N+Sg+Gen+PxSg3 olis	olli+N+Sg+Loc olis	olli+N+Sg+Acc+PxSg3 olis	olli+N+Sg+Gen+PxSg3 olis	olis+Po olis	olis+Pr € vuodo	vuodo+N+Pl+Nom vuodo	vuodo+N+Sg+Gen vuodo	vuodo+N+Sg+Nom vuodo	vuodo+N+Pl+Nom vuodo	vuodo+N+Sg+Gen vuodo	vuodo+N+Sg+Nom 
 ollugat	ollugat+Pron+Indef+Pl+Nom € moattes	moadda+Pron+Indef+Sg+Ela moattes	moadda+Pron+Indef+Sg+Ela moattes	moattes+Pron+Indef+Sg+Nom moattes	moattes+Pron+Indef+Sg+Nom 
 olus	olu+A+Sg+Loc olus	olus+Adv olus	olus+Pron+Indef+Sg+Nom € ålos	ållo+Pron+Indef+Sg+Ela ålos	ållo+Pron+Indef+Sg+Ela ålos	ålos+Pron+Indef+Sg+Nom ålos	ålos+Pron+Indef+Sg+Nom 
 omd	omd+?	inf € buojk	buojk+?	inf 
 ovcci-logi	ovcci-logi+Num+Sg+Nom € aktsa-låhke	aktsa-låhke+?	inf 
 ovdii	ovdii+Po € åvddåj	åvddå+N+Sg+Ill åvddåj	åvddå+N+Sg+Ill åvddåj	åvddåj+Adv åvddåj	åvddåj+Po åvddåj	åvddåj+Adv åvddåj	åvddåj+Po 
 ovttaoaivilis	ovttaoaivilis+?	inf € avtamielalasj	avtamielalasj+A+Attr avtamielalasj	avtamielalasj+A+Sg+Nom avtamielalasj	avtamielalasj+A+Attr avtamielalasj	avtamielalasj+A+Sg+Nom avtamielalasj	avtamielalasj+A+Attr avtamielalasj	avtamielalasj+A+Sg+Nom avtamielalasj	avtamielalasj+A+Attr avtamielalasj	avtamielalasj+A+Sg+Nom 
 pacificeret	pacificeret+V+TV+Inf pacificeret	pacificeret+V+TV+Der/d+V+Ind+Prs+ConNeg pacificeret	pacificeret+V+TV+Der/h+V+Ind+Prs+ConNeg € pacificerit	pacificerit+?	inf 
 patos	patos+N+Sg+Nom € patos	patos+?	inf 
 pocheret	pocheret+V+TV+Inf pocheret	pocheret+V+TV+Der/d+V+Ind+Prs+ConNeg pocheret	pocheret+V+TV+Der/h+V+Ind+Prs+ConNeg € pocherit	pocherit+?	inf 
 privilegeret	privilegeret+V+IV+Inf privilegeret	privilegeret+V+IV+Der/d+V+Imprt+ConNeg privilegeret	privilegeret+V+IV+Der/d+V+Imprt+Sg2 privilegeret	privilegeret+V+IV+Der/d+V+Ind+Prs+ConNeg privilegeret	privilegeret+V+IV+Der/h+V+Imprt+ConNeg privilegeret	privilegeret+V+IV+Der/h+V+Imprt+Sg2 privilegeret	privilegeret+V+IV+Der/h+V+Ind+Prs+ConNeg privilegeret	privilegeret+V+IV+Ind+Prs+Pl1 privilegeret	privilegeret+V+IV+Ind+Prs+Sg2 € privilegerit	privilegerit+?	inf 
 priváhtarievttálaš	priváhtarievttálaš+A+Attr priváhtarievttálaš	priváhtarievttálaš+A+Sg+Nom € priváhtariektá	priváhtariektá+N+Pl+Nom priváhtariektá	priváhtariektá+N+Sg+Gen priváhtariektá	priváhtariektá+N+Sg+Nom priváhtariektá	priváhtariektá+N+Pl+Nom priváhtariektá	priváhtariektá+N+Sg+Gen priváhtariektá	priváhtariektá+N+Sg+Nom priváhtariektá	priváhtariektá+N+Pl+Nom priváhtariektá	priváhtariektá+N+Sg+Gen priváhtariektá	priváhtariektá+N+Sg+Nom priváhtariektá	priváhtariektá+N+Pl+Nom priváhtariektá	priváhtariektá+N+Sg+Gen priváhtariektá	priváhtariektá+N+Sg+Nom priváhtariektá	priváhtariektá+N+Pl+Nom priváhtariektá	priváhtariektá+N+Sg+Gen priváhtariektá	priváhtariektá+N+Sg+Nom priváhtariektá	priváhtariektá+N+Pl+Nom priváhtariektá	priváhtariektá+N+Sg+Gen priváhtariektá	priváhtariektá+N+Sg+Nom 
 produceret	produceret+V+TV+Inf produceret	produceret+V+TV+Der/d+V+Ind+Prs+ConNeg produceret	produceret+V+TV+Der/h+V+Ind+Prs+ConNeg € producerit	producerit+?	inf 
 profesjonaliseret	profesjonaliseret+V+TV+Inf profesjonaliseret	profesjonaliseret+V+TV+Der/d+V+Ind+Prs+ConNeg profesjonaliseret	profesjonaliseret+V+TV+Der/h+V+Ind+Prs+ConNeg € profesjonaliserit	profesjonaliserit+?	inf 
 profešonaliseret	profešonaliseret+V+TV+Inf profešonaliseret	profešonaliseret+V+TV+Der/d+V+Imprt+ConNeg profešonaliseret	profešonaliseret+V+TV+Der/d+V+Imprt+Sg2 profešonaliseret	profešonaliseret+V+TV+Der/d+V+Ind+Prs+ConNeg profešonaliseret	profešonaliseret+V+TV+Der/h+V+Imprt+ConNeg profešonaliseret	profešonaliseret+V+TV+Der/h+V+Imprt+Sg2 profešonaliseret	profešonaliseret+V+TV+Der/h+V+Ind+Prs+ConNeg profešonaliseret	profešonaliseret+V+TV+Ind+Prs+Pl1 profešonaliseret	profešonaliseret+V+TV+Ind+Prs+Sg2 € profesjonaliserit	profesjonaliserit+?	inf 
 publiceret	publiceret+V+TV+Inf publiceret	publiceret+V+TV+Der/d+V+Imprt+ConNeg publiceret	publiceret+V+TV+Der/d+V+Imprt+Sg2 publiceret	publiceret+V+TV+Der/d+V+Ind+Prs+ConNeg publiceret	publiceret+V+TV+Der/h+V+Imprt+ConNeg publiceret	publiceret+V+TV+Der/h+V+Imprt+Sg2 publiceret	publiceret+V+TV+Der/h+V+Ind+Prs+ConNeg publiceret	publiceret+V+TV+Ind+Prs+Pl1 publiceret	publiceret+V+TV+Ind+Prs+Sg2 € publicerit	publicerit+?	inf 
 purpor	purpor+N+Sg+Nom € purpur	purpur+A+Attr purpur	purpur+A+Sg+Nom purpur	purpur+A+Attr purpur	purpur+A+Sg+Nom 
 reduceret	reduceret+V+TV+Inf reduceret	reduceret+V+TV+Der/d+V+Ind+Prs+ConNeg reduceret	reduceret+V+TV+Der/h+V+Ind+Prs+ConNeg € reducerit	reducerit+?	inf 
 reproduceret	reproduceret+V+TV+Inf reproduceret	reproduceret+V+TV+Der/d+V+Ind+Prs+ConNeg reproduceret	reproduceret+V+TV+Der/h+V+Ind+Prs+ConNeg € reproducerit	reproducerit+?	inf 
 retuscheret	retuscheret+V+TV+Inf retuscheret	retuscheret+V+TV+Der/d+V+Ind+Prs+ConNeg retuscheret	retuscheret+V+TV+Der/h+V+Ind+Prs+ConNeg € retuscherit	retuscherit+?	inf 
 revanscheret	revanscheret+V+IV+Inf revanscheret	revanscheret+V+IV+Der/d+V+Ind+Prs+ConNeg revanscheret	revanscheret+V+IV+Der/h+V+Ind+Prs+ConNeg € revanscherit	revanscherit+?	inf 
 rubriceret	rubriceret+V+TV+Inf rubriceret	rubriceret+V+TV+Der/d+V+Ind+Prs+ConNeg rubriceret	rubriceret+V+TV+Der/h+V+Ind+Prs+ConNeg € rubricerit	rubricerit+?	inf 
 rufe	rufe+N+Sg+Acc rufe	rufe+N+Sg+Gen rufe	rufe+N+Sg+Nom € gålgidahka	gålgidahka+?	inf 
 € ruoppsisgussjká	ruoppsisgussjká+N+Sg+Nom ruoppsisgussjká	ruoppsisgussjká+N+Sg+Nom ruoppsisgussjká	ruoppsisgussjká+N+Sg+Nom ruoppsisgussjká	ruoppsisgussjká+N+Sg+Nom ruoppsisgussjká	ruoppsisgussjká+N+Sg+Nom ruoppsisgussjká	ruoppsisgussjká+N+Sg+Nom ruoppsisgussjká	ruoppsat+A+Cmp/Attr+Cmp#gussjká+N+Sg+Nom ruoppsisgussjká	ruoppsat+A+Cmp/Attr+Cmp#gussjká+N+Sg+Nom ruoppsisgussjká	ruoppsat+A+Cmp/Attr+Cmp#gussjká+N+Sg+Nom ruoppsisgussjká	ruoppsat+A+Cmp/Attr+Cmp#gussjká+N+Sg+Nom ruoppsisgussjká	ruoppsat+A+Cmp/Attr+Cmp#gussjká+N+Sg+Nom ruoppsisgussjká	ruoppsat+A+Cmp/Attr+Cmp#gussjká+N+Sg+Nom ruoppsisgussjká	ruoppsat+A+Cmp/Attr+Cmp#gussjká+N+Sg+Nom ruoppsisgussjká	ruoppsat+A+Cmp/Attr+Cmp#gussjká+N+Sg+Nom ruoppsisgussjká	ruoppsat+A+Cmp/Attr+Cmp#gussjká+N+Sg+Nom ruoppsisgussjká	ruoppsat+A+Cmp/Attr+Cmp#gussjká+N+Sg+Nom ruoppsisgussjká	ruoppsat+A+Cmp/Attr+Cmp#gussjká+N+Sg+Nom ruoppsisgussjká	ruoppsat+A+Cmp/Attr+Cmp#gussjká+N+Sg+Nom 
 ruoktot	ruoktot+Adv € sijdda	sijdda+N+Sg+Nom sijdda	sijdda+N+Sg+Nom sijdda	sijdda+N+Sg+Nom sijdda	sijdda+N+Sg+Nom sijdda	sijdda+N+Sg+Nom sijdda	sijdda+N+Sg+Nom 
 ruoktut	ruoktut+Adv € sijdda	sijdda+N+Sg+Nom sijdda	sijdda+N+Sg+Nom sijdda	sijdda+N+Sg+Nom sijdda	sijdda+N+Sg+Nom sijdda	sijdda+N+Sg+Nom sijdda	sijdda+N+Sg+Nom 
 ruovttus	ruoktu+N+Sg+Loc ruovttus	ruoktu+N+Sg+Acc+PxSg3 ruovttus	ruoktu+N+Sg+Gen+PxSg3 ruovttus	ruoktu+N+Sg+Loc ruovttus	ruoktu+N+Sg+Acc+PxSg3 ruovttus	ruoktu+N+Sg+Gen+PxSg3 ruovttus	ruovttus+Adv € sijdda	sijdda+N+Sg+Nom sijdda	sijdda+N+Sg+Nom sijdda	sijdda+N+Sg+Nom sijdda	sijdda+N+Sg+Nom sijdda	sijdda+N+Sg+Nom sijdda	sijdda+N+Sg+Nom 
 ruoŧa	ruoŧa+A+Attr € svænsska	svænsska+N+Sg+Nom 
 rádjai	rádjai+Adv rádjai	rádjai+Po € rádjáj	rádje+N+Sg+Ill rádjáj	rádje+N+Sg+Ill rádjáj	rádje+N+Sg+Ill rádjáj	rádje+N+Sg+Ill rádjáj	rádje+N+Sg+Ill rádjáj	rádje+N+Sg+Ill rádjáj	rádjá+N+Sg+Ill rádjáj	rádjá+N+Sg+Ill rádjáj	rádjá+N+Sg+Ill rádjáj	rádjá+N+Sg+Ill rádjáj	rádjá+N+Sg+Ill rádjáj	rádjá+N+Sg+Ill rádjáj	rádjáj+Po rádjáj	rádjáj+Po 
 rámis	rápmi+N+Sg+Loc rámis	rápmi+N+Sg+Acc+PxSg3 rámis	rápmi+N+Sg+Gen+PxSg3 € mihá	mihá+A+Pl+Nom mihá	mihá+A+Sg+Gen mihá	mihá+A+Sg+Nom mihá	mihá+A+Pl+Nom mihá	mihá+A+Sg+Gen mihá	mihá+A+Sg+Nom mihá	mihá+A+Pl+Nom mihá	mihá+A+Sg+Gen mihá	mihá+A+Sg+Nom mihá	mihá+A+Pl+Nom mihá	mihá+A+Sg+Gen mihá	mihá+A+Sg+Nom 
 ráppár	ráppár+N+Sg+Nom ráppár	ráppár+N+Sg+Nom ráppár	ráppár+N+Sg+Nom € rappár	rappár+?	inf 
 ráttis	ráddi+N+Sg+Loc ráttis	ráddi+N+Sg+Acc+PxSg3 ráttis	ráddi+N+Sg+Gen+PxSg3 € juvlla	juvlla+N+Sg+Nom juvlla	juvlla+N+Sg+Nom 
 sadjái	sadji+N+Sg+Ill sadjái	sadji+N+Sg+Ill sadjái	sadji+N+Sg+Ill sadjái	sadjái+Po € sadjáj	sadje+N+Sg+Ill sadjáj	sadje+N+Sg+Ill sadjáj	sadje+N+Sg+Ill sadjáj	sadje+N+Sg+Ill sadjáj	sadje+N+Sg+Ill sadjáj	sadje+N+Sg+Ill sadjáj	sadjáj+Po sadjáj	sadjáj+Po 
 € láhkán	láhkán+N+Sg+Nom láhkán	láhkán+N+Sg+Nom 
 € seniorrádediddje	seniorrádediddje+N+Gram/NomAg+Pl+Nom seniorrádediddje	seniorrádediddje+N+Gram/NomAg+Sg+Gen seniorrádediddje	seniorrádediddje+N+Gram/NomAg+Sg+Nom seniorrádediddje	seniorrádediddje+N+Gram/NomAg+Pl+Nom seniorrádediddje	seniorrádediddje+N+Gram/NomAg+Sg+Gen seniorrádediddje	seniorrádediddje+N+Gram/NomAg+Sg+Nom seniorrádediddje	seniorrádediddje+N+Gram/NomAg+Pl+Nom seniorrádediddje	seniorrádediddje+N+Gram/NomAg+Sg+Gen seniorrádediddje	seniorrádediddje+N+Gram/NomAg+Sg+Nom seniorrádediddje	seniorrádediddje+N+Gram/NomAg+Pl+Nom seniorrádediddje	seniorrádediddje+N+Gram/NomAg+Sg+Gen seniorrádediddje	seniorrádediddje+N+Gram/NomAg+Sg+Nom seniorrádediddje	seniorrádediddje+N+Gram/NomAg+Pl+Nom seniorrádediddje	seniorrádediddje+N+Gram/NomAg+Sg+Gen seniorrádediddje	seniorrádediddje+N+Gram/NomAg+Sg+Nom seniorrádediddje	seniorrádediddje+N+Gram/NomAg+Pl+Nom seniorrádediddje	seniorrádediddje+N+Gram/NomAg+Sg+Gen seniorrádediddje	seniorrádediddje+N+Gram/NomAg+Sg+Nom seniorrádediddje	seniorrádediddje+N+Gram/NomAg+Pl+Nom seniorrádediddje	seniorrádediddje+N+Gram/NomAg+Sg+Gen seniorrádediddje	seniorrádediddje+N+Gram/NomAg+Sg+Nom seniorrádediddje	seniorrádediddje+N+Gram/NomAg+Pl+Nom seniorrádediddje	seniorrádediddje+N+Gram/NomAg+Sg+Gen seniorrádediddje	seniorrádediddje+N+Gram/NomAg+Sg+Nom seniorrádediddje	seniorrádediddje+N+Gram/NomAg+Pl+Nom seniorrádediddje	seniorrádediddje+N+Gram/NomAg+Sg+Gen seniorrádediddje	seniorrádediddje+N+Gram/NomAg+Sg+Nom seniorrádediddje	seniorrádediddje+N+Gram/NomAg+Pl+Nom seniorrádediddje	seniorrádediddje+N+Gram/NomAg+Sg+Gen seniorrádediddje	seniorrádediddje+N+Gram/NomAg+Sg+Nom seniorrádediddje	seniorrádediddje+N+Gram/NomAg+Pl+Nom seniorrádediddje	seniorrádediddje+N+Gram/NomAg+Sg+Gen seniorrádediddje	seniorrádediddje+N+Gram/NomAg+Sg+Nom seniorrádediddje	seniorrádediddje+N+Gram/NomAg+Pl+Nom seniorrádediddje	seniorrádediddje+N+Gram/NomAg+Sg+Gen seniorrádediddje	seniorrádediddje+N+Gram/NomAg+Sg+Nom seniorrádediddje	seniorrádediddje+N+Gram/NomAg+Pl+Nom seniorrádediddje	seniorrádediddje+N+Gram/NomAg+Sg+Gen seniorrádediddje	seniorrádediddje+N+Gram/NomAg+Sg+Nom seniorrádediddje	seniorrádediddje+N+Gram/NomAg+Pl+Nom seniorrádediddje	seniorrádediddje+N+Gram/NomAg+Sg+Gen seniorrádediddje	seniorrádediddje+N+Gram/NomAg+Sg+Nom seniorrádediddje	seniorrádediddje+N+Gram/NomAg+Pl+Nom seniorrádediddje	seniorrádediddje+N+Gram/NomAg+Sg+Gen seniorrádediddje	seniorrádediddje+N+Gram/NomAg+Sg+Nom seniorrádediddje	seniorrádediddje+N+Gram/NomAg+Pl+Nom seniorrádediddje	seniorrádediddje+N+Gram/NomAg+Sg+Gen seniorrádediddje	seniorrádediddje+N+Gram/NomAg+Sg+Nom seniorrádediddje	seniorrádediddje+N+Gram/NomAg+Pl+Nom seniorrádediddje	seniorrádediddje+N+Gram/NomAg+Sg+Gen seniorrádediddje	seniorrádediddje+N+Gram/NomAg+Sg+Nom seniorrádediddje	seniorrádediddje+N+Gram/NomAg+Pl+Nom seniorrádediddje	seniorrádediddje+N+Gram/NomAg+Sg+Gen seniorrádediddje	seniorrádediddje+N+Gram/NomAg+Sg+Nom 
 sevdnjesruoná	sevdnjesruoná+?	inf € tjáhppisruodná	tjáhppisruodná+A+Attr tjáhppisruodná	tjáhppisruodná+A+Sg+Nom tjáhppisruodná	tjáhppisruodná+A+Attr tjáhppisruodná	tjáhppisruodná+A+Sg+Nom tjáhppisruodná	tjáhppisruodná+A+Attr tjáhppisruodná	tjáhppisruodná+A+Sg+Nom tjáhppisruodná	tjáhppisruodná+A+Attr tjáhppisruodná	tjáhppisruodná+A+Sg+Nom 
 € sisboahto	sisboahto+N+Sg+Nom sisboahto	sisboahto+N+Sg+Nom sisboahto	sis+N+Cmp#boahto+N+Sg+Nom sisboahto	sis+N+Cmp#boahto+N+Sg+Nom 
 siskkobeallai	siskkobeallai+Adv siskkobeallai	siskkobeallai+Po siskkobeallai	siskkobeallai+Pr € sisbælláj	sisbielle+N+Sg+Ill sisbælláj	sis+N+Cmp#bielle+N+Sg+Ill sisbælláj	sis+N+Cmp#bielle+N+Sg+Ill sisbælláj	sis+N+Cmp#bielle+N+Sg+Ill sisbælláj	sis+N+Cmp#bieles+N+Pl+Com sisbælláj	sis+N+Cmp#bieles+N+Pl+Gen sisbælláj	sis+N+Cmp#bieles+N+Sg+Ill sisbælláj	sisbælláj+Po 
 € sisrijkapolitihkka	sisrijkapolitihkka+N+Sg+Nom sisrijkapolitihkka	sisrijkapolitihkka+N+Sg+Nom sisrijkapolitihkka	sisrijkka+N+Cmp/SgGen+Cmp#politihkka+N+Sg+Nom sisrijkapolitihkka	sisrijkka+N+Cmp/SgGen+Cmp#politihkka+N+Sg+Nom sisrijkapolitihkka	sis+N+Cmp#rijkapolitihkka+N+Sg+Nom sisrijkapolitihkka	sis+N+Cmp#rijkka+N+Cmp/SgGen+Cmp#politihkka+N+Sg+Nom sisrijkapolitihkka	sis+N+Cmp#rijkapolitihkka+N+Sg+Nom sisrijkapolitihkka	sis+N+Cmp#rijkka+N+Cmp/SgGen+Cmp#politihkka+N+Sg+Nom 
 spiehčči	spiehčči+A+Sg+Nom spiehčči	spiehčči+A+Sg+Nom spiehčči	spiehčči+A+Sg+Nom € spielltje	spielltje+N+Sg+Nom spielltje	spielltje+N+Sg+Nom spielltje	spielltje+N+Sg+Nom spielltje	spielltje+N+Sg+Nom spielltje	spielltje+N+Sg+Nom spielltje	spielltje+N+Sg+Nom 
 spihtálaš	spihtálaš+N+Sg+Nom spihtálaš	spihtálaš+N+Sg+Nom spihtálaš	spihtálaš+N+Sg+Nom € spihtálasj	spihtálasj+A+Attr spihtálasj	spihtálasj+A+Sg+Nom spihtálasj	spihtálasj+A+Attr spihtálasj	spihtálasj+A+Sg+Nom spihtálasj	spihtálasj+A+Attr spihtálasj	spihtálasj+A+Sg+Nom spihtálasj	spihtálasj+A+Attr spihtálasj	spihtálasj+A+Sg+Nom 
 spánskkagiella	spánskkagiella+?	inf € spánskagiella	spánskagiella+N+Sg+Nom spánskagiella	spánskagiella+N+Sg+Nom spánskagiella	spánsska+N+Cmp/SgGen+Cmp#giella+N+Sg+Nom spánskagiella	spánsska+N+Cmp/SgGen+Cmp#giella+N+Sg+Nom 
 suomagiel	suomagiel+A+Attr € suomagiella	suobma+N+Cmp/SgGen+Cmp#giella+N+Sg+Nom suomagiella	suobma+N+Cmp/SgGen+Cmp#giella+N+Sg+Nom suomagiella	suomagiella+N+Sg+Nom suomagiella	suomagiella+N+Sg+Nom 
 suppliceret	suppliceret+V+TV+Inf suppliceret	suppliceret+V+TV+Der/d+V+Ind+Prs+ConNeg suppliceret	suppliceret+V+TV+Der/h+V+Ind+Prs+ConNeg € supplicerit	supplicerit+?	inf 
 su	son+Pron+Pers+Sg3+Acc su	son+Pron+Pers+Sg3+Gen € su	su+?	inf 
 swing	swing+N+Sg+Gen swing	swing+N+Sg+Nom € swing	swing+?	inf 
 tekstet	tekstet+V+IV+Inf tekstet	tekstet+V+IV+Der/d+V+Imprt+ConNeg tekstet	tekstet+V+IV+Der/d+V+Imprt+Sg2 tekstet	tekstet+V+IV+Der/d+V+Ind+Prs+ConNeg tekstet	tekstet+V+IV+Der/h+V+Imprt+ConNeg tekstet	tekstet+V+IV+Der/h+V+Imprt+Sg2 tekstet	tekstet+V+IV+Der/h+V+Ind+Prs+ConNeg tekstet	tekstet+V+IV+Ind+Prs+Pl1 tekstet	tekstet+V+IV+Ind+Prs+Sg2 € tieksstit	tieksstit+?	inf 
 trancheret	trancheret+V+TV+Inf trancheret	trancheret+V+TV+Der/d+V+Ind+Prs+ConNeg trancheret	trancheret+V+TV+Der/h+V+Ind+Prs+ConNeg € trancherit	trancherit+?	inf 
 unnán	unnánit+V+IV+Imprt+ConNeg unnán	unnánit+V+IV+Imprt+Sg2 unnán	unnánit+V+IV+Ind+Prs+ConNeg unnán	unnán+Adv unnán	unnán+Pron+Indef+Attr unnán	unnán+Pron+Indef+Sg+Nom € binná	binná+A+Attr binná	binná+A+Pl+Nom binná	binná+A+Sg+Gen binná	binná+A+Sg+Nom binná	binná+A+Attr binná	binná+A+Pl+Nom binná	binná+A+Sg+Gen binná	binná+A+Sg+Nom 
 vajos	vajos+Adv € vajos	vajos+N+Sg+Nom vajos	vajos+N+Sg+Nom 
 vealggás	vealggás+Adv € vælggás	vælggás+?	inf 
 vihtta-guhttalot	vihtta-guhttalot+Num+Attr € vihtta-guhttalåk	vihtta-guhttalåk+Num+Attr vihtta-guhttalåk	vihtta-guhttalåk+Num+Attr 
 vihtta-guhttanuppelot	vihtta-guhttanuppelot+Num+Attr € lågenanvihtta-guhtta	lågenanvihtta-guhtta+Num+Attr lågenanvihtta-guhtta	lågenanvihtta-guhtta+Num+Sg+Nom lågenanvihtta-guhtta	lågenanvihtta-guhtta+Num+Attr lågenanvihtta-guhtta	lågenanvihtta-guhtta+Num+Sg+Nom 
 vuhtii	vuohttit+V+TV+Ind+Prt+Sg3 vuhtii	vuhtii+Adv € 	+?	inf 
 vuoi	vuoi+Interj € vuoj	vuoj+Interj vuoj	vuoj+Interj 
 vuođul	vuođul+Po € vuodo	vuodo+N+Pl+Nom vuodo	vuodo+N+Sg+Gen vuodo	vuodo+N+Sg+Nom vuodo	vuodo+N+Pl+Nom vuodo	vuodo+N+Sg+Gen vuodo	vuodo+N+Sg+Nom 
 váste	váste+Po € 	+?	inf 
 € ábbisgirjje	ábbisgirjje+N+Sg+Nom ábbisgirjje	ábbisgirjje+N+Sg+Nom 
 čieža-gávccilot	čieža-gávccilot+Num+Attr € giehtja-gáktsalåk	giehtja-gáktsalåk+Num+Attr giehtja-gáktsalåk	giehtja-gáktsalåk+Num+Attr 
 čieža-gávccinuppelohkái	čieža-gávccinuppelohkái+Num+Sg+Nom € ågenangiehtja-gáktsa	ågenangiehtja-gáktsa+?	inf 
 čieža-gávccinuppelot	čieža-gávccinuppelot+Num+Attr € lågenangiehtja-gáktsa	lågenangiehtja-gáktsa+Num+Attr lågenangiehtja-gáktsa	lågenangiehtja-gáktsa+Num+Sg+Nom lågenangiehtja-gáktsa	lågenangiehtja-gáktsa+Num+Attr lågenangiehtja-gáktsa	lågenangiehtja-gáktsa+Num+Sg+Nom 
 € adræssalinnja	adræssa+N+Cmp/SgNom+Cmp#linnja+N+Pl+Nom adræssalinnja	adræssa+N+Cmp/SgNom+Cmp#linnja+N+Sg+Gen adræssalinnja	adræssa+N+Cmp/SgNom+Cmp#linnja+N+Sg+Nom adræssalinnja	adræssalinnja+N+Pl+Nom adræssalinnja	adræssalinnja+N+Sg+Gen adræssalinnja	adræssalinnja+N+Sg+Nom 
 čuođilogi	čuođilogi+Num+Sg+Acc čuođilogi	čuođilogi+Num+Sg+Gen čuođilogi	čuođilogi+Num+Sg+Ill+Attr čuođilogi	čuođilogi+Num+Sg+Loc+Attr čuođilogi	čuođilogi+Num+Sg+Nom € tjuetieluhkie	tjuetieluhkie+?	inf 
 ❡	❡+CLB € 	+?	inf 
 euro	euro+N+Sg+Acc euro	euro+N+Sg+Gen euro	euro+N+Sg+Nom € euro	euro+?	inf 
 kåseriijaf	kåseriijaf+?	inf € kåserijja	kåserijja+N+Pl+Nom kåserijja	kåserijja+N+Sg+Gen kåserijja	kåserijja+N+Sg+Nom 
 makkár	makkár+Pron+Indef+Attr makkár	makkár+Pron+Indef+Sg+Nom makkár	makkár+Pron+Interr+Attr makkár	makkár+Pron+Interr+Sg+Nom € makkár	makkár+Pron+Indef+Attr makkár	makkár+Pron+Indef+Sg+Nom makkár	makkár+Pron+Interr+Attr makkár	makkár+Pron+Interr+Sg+Nom makkár	makkár+Pron+Rel+Attr makkár	makkár+Pron+Rel+Sg+Nom makkár	makkár+Pron+Indef+Attr makkár	makkár+Pron+Indef+Sg+Nom makkár	makkár+Pron+Interr+Attr makkár	makkár+Pron+Interr+Sg+Nom makkár	makkár+Pron+Rel+Attr makkár	makkár+Pron+Rel+Sg+Nom 
 € 
